"guid","attrs_query","Yearmonth","Latitude","Longitude","Vessels","Trips","Sets","Hooks","AlbN","BetN","YftN","SkjN","PbfN","BumN","BlmN","MlsN","SwoN","BshN","LmdN","BthN","PthN","ThrN","CclN","OcsN","FalN","SmaN","LmaN","MakN","SsnN","SplN","SpeN","SpkN","SpjN","SpzN","SpyN","SkxN","MzzN","TunN","BepN","BipN","BzxN","BkjN","SfaN","SspN","BilN","report_id"
"f2331b55-bb35-4f52-9884-abe400c97859","{""year"":2024}","2024-10",-13.5,-135.5,1,1,26,58500,3973,26529,4987,107,0,2405,217,1958,7526,1290,0,0,0,0,0,0,0,0,0,0,0,0,0,0,0,0,0,0,0,0,0,0,0,0,0,56,0,3397
"f2331b55-bb35-4f52-9884-abe400c97859","{""year"":2024}","2024-11",-13.5,-135.5,1,1,22,49500,3658,22819,4090,110,0,1269,0,962,7176,1501,0,0,0,0,0,0,0,0,0,0,0,0,0,0,0,0,0,0,0,0,0,0,0,0,0,0,0,3397
"f2331b55-bb35-4f52-9884-abe400c97859","{""year"":2024}","2024-08",-13.5,-134.5,1,1,1,2600,131,861,154,0,0,51,0,57,61,0,0,0,0,0,0,0,0,0,0,0,0,0,0,0,0,0,0,0,0,0,0,0,0,0,0,0,0,3397
"f2331b55-bb35-4f52-9884-abe400c97859","{""year"":2024}","2024-10",-13.5,-134.5,1,1,3,7800,197,3050,98,0,0,220,0,53,998,0,0,0,0,0,0,0,0,0,0,0,0,0,0,0,0,0,0,0,0,0,0,0,0,0,0,0,0,3397
"f2331b55-bb35-4f52-9884-abe400c97859","{""year"":2024}","2024-11",-13.5,-134.5,1,1,1,2560,304,836,72,0,0,0,0,0,246,71,0,0,0,0,0,0,0,0,0,0,0,0,0,0,0,0,0,0,0,0,0,0,0,0,0,0,0,3397
"f2331b55-bb35-4f52-9884-abe400c97859","{""year"":2024}","2024-12",-13.5,-134.5,1,1,2,4440,267,1332,305,0,0,69,0,0,373,74,0,0,0,0,0,0,0,0,0,0,0,0,0,0,0,0,0,0,0,0,0,0,0,0,14,0,0,3397
"f2331b55-bb35-4f52-9884-abe400c97859","{""year"":2024}","2024-08",-13.5,-133.5,1,1,1,2600,0,0,0,0,0,0,0,0,0,0,0,0,0,0,0,0,0,0,0,0,0,0,0,0,0,0,0,0,0,0,0,0,0,0,0,0,0,3397
"f2331b55-bb35-4f52-9884-abe400c97859","{""year"":2024}","2024-11",-13.5,-133.5,1,1,1,2560,70,235,46,0,0,0,0,0,25,29,0,0,0,0,0,0,0,0,0,0,0,0,0,0,0,0,0,0,0,0,0,0,0,0,0,0,0,3397
"f2331b55-bb35-4f52-9884-abe400c97859","{""year"":2024}","2024-08",-13.5,-132.5,1,1,1,2600,159,383,81,19,0,87,0,45,201,0,0,0,0,0,0,0,0,0,0,0,0,0,0,0,0,0,0,0,0,0,0,0,0,0,0,13,0,3397
"f2331b55-bb35-4f52-9884-abe400c97859","{""year"":2024}","2024-10",-13.5,-132.5,1,1,1,4320,46,844,128,0,0,0,0,55,154,0,0,0,0,0,0,0,0,0,0,0,0,0,0,0,0,0,0,0,0,0,0,0,0,0,0,0,0,3397
"f2331b55-bb35-4f52-9884-abe400c97859","{""year"":2024}","2024-08",-13.5,-131.5,1,1,5,13000,513,3247,889,25,0,92,0,352,1211,0,0,0,0,0,0,0,0,0,0,0,0,0,0,0,0,0,0,0,0,0,0,0,0,0,0,9,0,3397
"f2331b55-bb35-4f52-9884-abe400c97859","{""year"":2024}","2024-10",-13.5,-131.5,3,3,18,42740,1514,21911,2725,22,0,790,0,404,4965,0,0,0,0,0,0,0,0,0,0,0,0,0,0,0,0,0,0,0,0,0,0,0,0,0,0,15,0,3397
"f2331b55-bb35-4f52-9884-abe400c97859","{""year"":2024}","2024-08",-13.5,-130.5,1,1,1,2600,15,0,0,0,0,0,0,0,0,0,0,0,0,0,0,0,0,0,0,0,0,0,0,0,0,0,0,0,0,0,0,0,0,0,0,0,0,3397
"f2331b55-bb35-4f52-9884-abe400c97859","{""year"":2024}","2024-10",-13.5,-130.5,3,3,24,54000,1472,23152,4271,96,0,811,0,803,10592,0,0,0,0,0,0,0,0,0,0,0,0,0,0,0,0,0,0,0,0,0,0,0,0,0,0,204,0,3397
"f2331b55-bb35-4f52-9884-abe400c97859","{""year"":2024}","2024-11",-13.5,-130.5,2,2,6,16010,425,6398,674,0,0,484,0,52,1916,0,0,0,0,0,0,0,0,0,0,0,0,0,0,0,0,0,0,0,0,0,0,0,0,0,0,16,0,3397
"f2331b55-bb35-4f52-9884-abe400c97859","{""year"":2024}","2024-10",-13.5,-129.5,3,3,23,51900,1352,24671,2439,5,0,1058,0,962,7256,0,0,0,0,0,0,0,0,0,0,0,0,0,0,0,0,0,0,0,0,0,0,0,0,0,0,44,0,3397
"f2331b55-bb35-4f52-9884-abe400c97859","{""year"":2024}","2024-11",-13.5,-129.5,4,4,43,98240,4006,34972,4945,79,0,2155,0,445,20376,0,0,0,0,0,0,0,0,0,0,0,0,0,0,0,0,0,0,0,0,0,0,0,0,0,0,60,0,3397
"f2331b55-bb35-4f52-9884-abe400c97859","{""year"":2024}","2024-10",-13.5,-128.5,2,2,4,9150,125,5399,416,0,0,123,0,180,1326,0,0,0,0,0,0,0,0,0,0,0,0,0,0,0,0,0,0,0,0,0,0,0,0,0,0,0,0,3397
"f2331b55-bb35-4f52-9884-abe400c97859","{""year"":2024}","2024-11",-13.5,-128.5,3,3,14,31350,956,16370,754,0,0,767,0,290,11027,0,0,0,0,0,0,0,0,0,0,0,0,0,0,0,0,0,0,0,0,0,0,0,0,0,0,13,0,3397
"f2331b55-bb35-4f52-9884-abe400c97859","{""year"":2024}","2024-12",-13.5,-128.5,3,3,9,19350,600,5689,174,20,0,49,252,0,3585,0,0,0,0,0,0,0,0,0,0,0,0,0,0,0,0,0,0,0,0,0,0,0,0,0,0,0,0,3397
"f2331b55-bb35-4f52-9884-abe400c97859","{""year"":2024}","2024-10",-13.5,-127.5,1,1,6,15360,398,3818,1016,0,0,242,0,0,2831,901,0,0,0,0,0,0,0,0,0,0,0,0,0,0,0,0,0,0,0,0,0,0,0,0,0,0,0,3397
"f2331b55-bb35-4f52-9884-abe400c97859","{""year"":2024}","2024-11",-13.5,-127.5,1,1,5,10500,645,5576,163,8,0,118,0,124,2805,0,0,0,0,0,0,0,0,0,0,0,0,0,0,0,0,0,0,0,0,0,0,0,0,0,0,0,0,3397
"f2331b55-bb35-4f52-9884-abe400c97859","{""year"":2024}","2024-12",-13.5,-127.5,1,1,1,2250,31,180,0,0,0,0,0,0,407,0,0,0,0,0,0,0,0,0,0,0,0,0,0,0,0,0,0,0,0,0,0,0,0,0,0,0,0,3397
"f2331b55-bb35-4f52-9884-abe400c97859","{""year"":2024}","2024-10",-13.5,-126.5,1,2,13,33280,919,15154,1023,0,0,1341,0,0,7212,1809,0,0,0,0,0,0,0,0,0,0,0,0,0,0,0,0,0,0,0,0,0,0,0,0,0,50,0,3397
"f2331b55-bb35-4f52-9884-abe400c97859","{""year"":2024}","2024-11",-13.5,-126.5,1,1,3,7680,434,5471,44,0,0,112,0,0,2369,645,0,0,0,0,0,0,0,0,0,0,0,0,0,0,0,0,0,0,0,0,0,0,0,0,0,15,0,3397
"f2331b55-bb35-4f52-9884-abe400c97859","{""year"":2024}","2024-07",-12.5,-135.5,1,1,6,15600,812,2414,1698,45,0,559,0,582,1832,0,0,0,0,0,0,0,0,0,0,0,0,0,0,0,0,0,0,0,0,0,0,0,0,0,0,0,0,3397
"f2331b55-bb35-4f52-9884-abe400c97859","{""year"":2024}","2024-10",-12.5,-135.5,1,1,7,18200,1917,11085,779,10,0,535,0,280,3263,0,0,0,0,0,0,0,0,0,0,0,0,0,0,0,0,0,0,0,0,0,0,0,0,0,0,0,0,3397
"f2331b55-bb35-4f52-9884-abe400c97859","{""year"":2024}","2024-11",-12.5,-135.5,2,2,27,69150,3190,24401,5370,17,0,2108,0,589,12500,0,0,0,0,0,0,0,0,0,0,0,0,0,0,0,0,0,0,0,0,0,0,0,0,0,0,10,0,3397
"f2331b55-bb35-4f52-9884-abe400c97859","{""year"":2024}","2024-12",-12.5,-135.5,3,3,23,59960,3836,28886,5849,44,0,2527,0,386,13276,92,0,0,0,0,0,0,0,0,0,0,0,0,0,0,0,0,0,0,0,0,0,0,0,0,0,20,0,3397
"f2331b55-bb35-4f52-9884-abe400c97859","{""year"":2024}","2024-01",-12.5,-134.5,1,1,4,10880,238,3045,638,0,0,806,0,40,485,665,0,0,0,0,0,0,0,0,0,0,0,0,0,0,0,0,0,0,0,0,0,0,0,0,0,0,0,3397
"f2331b55-bb35-4f52-9884-abe400c97859","{""year"":2024}","2024-07",-12.5,-134.5,1,1,1,2600,347,1074,437,0,0,115,0,86,128,0,0,0,0,0,0,0,0,0,0,0,0,0,0,0,0,0,0,0,0,0,0,0,0,0,0,0,0,3397
"f2331b55-bb35-4f52-9884-abe400c97859","{""year"":2024}","2024-08",-12.5,-134.5,2,2,11,28520,2629,10826,2293,72,0,667,0,375,1332,179,0,0,0,0,0,0,0,0,0,0,0,0,0,0,0,0,0,0,0,0,0,0,0,0,0,19,0,3397
"f2331b55-bb35-4f52-9884-abe400c97859","{""year"":2024}","2024-10",-12.5,-134.5,1,1,12,31200,831,11296,2048,29,0,785,0,335,5238,0,0,0,0,0,0,0,0,0,0,0,0,0,0,0,0,0,0,0,0,0,0,0,0,0,0,38,0,3397
"f2331b55-bb35-4f52-9884-abe400c97859","{""year"":2024}","2024-11",-12.5,-134.5,3,3,22,50910,2409,23425,2950,0,0,1073,0,131,7178,1281,0,0,0,0,0,0,0,0,0,0,0,0,0,0,0,0,0,0,0,0,0,0,0,0,25,0,0,3397
"f2331b55-bb35-4f52-9884-abe400c97859","{""year"":2024}","2024-12",-12.5,-134.5,2,2,15,33340,1398,14677,1712,0,0,1393,0,115,2956,917,0,0,0,0,0,0,0,0,0,0,0,0,0,0,0,0,0,0,0,0,0,0,0,0,13,0,0,3397
"f2331b55-bb35-4f52-9884-abe400c97859","{""year"":2024}","2024-08",-12.5,-133.5,1,1,8,20480,1127,8850,1642,0,0,802,0,0,479,2703,0,0,0,0,0,0,0,0,0,0,0,0,0,0,0,0,0,0,0,0,0,0,0,0,0,0,0,3397
"f2331b55-bb35-4f52-9884-abe400c97859","{""year"":2024}","2024-10",-12.5,-133.5,1,1,1,2600,0,597,224,0,0,0,0,0,204,0,0,0,0,0,0,0,0,0,0,0,0,0,0,0,0,0,0,0,0,0,0,0,0,0,0,0,0,3397
"f2331b55-bb35-4f52-9884-abe400c97859","{""year"":2024}","2024-11",-12.5,-133.5,1,1,4,8880,161,2785,527,0,0,400,0,57,1051,350,0,0,0,0,0,0,0,0,0,0,0,0,0,0,0,0,0,0,0,0,0,0,0,0,0,0,0,3397
"f2331b55-bb35-4f52-9884-abe400c97859","{""year"":2024}","2024-08",-12.5,-132.5,2,2,2,5160,322,1514,259,22,0,55,0,0,231,249,0,0,0,0,0,0,0,0,0,0,0,0,0,0,0,0,0,0,0,0,0,0,0,0,0,0,0,3397
"f2331b55-bb35-4f52-9884-abe400c97859","{""year"":2024}","2024-11",-12.5,-132.5,1,1,2,4440,89,1745,267,0,0,328,0,0,900,200,0,0,0,0,0,0,0,0,0,0,0,0,0,0,0,0,0,0,0,0,0,0,0,0,15,0,0,3397
"f2331b55-bb35-4f52-9884-abe400c97859","{""year"":2024}","2024-12",-12.5,-132.5,1,1,6,16160,1280,5811,985,0,0,416,0,23,1767,0,0,0,0,0,0,0,0,0,0,0,0,0,0,0,0,0,0,0,0,0,0,0,0,0,0,0,0,3397
"f2331b55-bb35-4f52-9884-abe400c97859","{""year"":2024}","2024-08",-12.5,-131.5,1,1,1,2600,100,464,445,0,0,152,0,0,201,0,0,0,0,0,0,0,0,0,0,0,0,0,0,0,0,0,0,0,0,0,0,0,0,0,0,32,0,3397
"f2331b55-bb35-4f52-9884-abe400c97859","{""year"":2024}","2024-10",-12.5,-131.5,2,2,2,6410,174,2937,218,0,0,0,0,48,586,0,0,0,0,0,0,0,0,0,0,0,0,0,0,0,0,0,0,0,0,0,0,0,0,0,0,0,0,3397
"f2331b55-bb35-4f52-9884-abe400c97859","{""year"":2024}","2024-08",-12.5,-130.5,1,1,2,5200,408,1643,300,8,0,89,0,112,621,0,0,0,0,0,0,0,0,0,0,0,0,0,0,0,0,0,0,0,0,0,0,0,0,0,0,16,0,3397
"f2331b55-bb35-4f52-9884-abe400c97859","{""year"":2024}","2024-10",-12.5,-130.5,3,3,13,30240,530,12372,1416,25,0,377,0,572,4909,0,0,0,0,0,0,0,0,0,0,0,0,0,0,0,0,0,0,0,0,0,0,0,0,0,0,50,0,3397
"f2331b55-bb35-4f52-9884-abe400c97859","{""year"":2024}","2024-11",-12.5,-130.5,1,1,5,13600,246,6566,679,0,0,315,0,0,1872,0,0,0,0,0,0,0,0,0,0,0,0,0,0,0,0,0,0,0,0,0,0,0,0,0,0,0,0,3397
"f2331b55-bb35-4f52-9884-abe400c97859","{""year"":2024}","2024-12",-12.5,-130.5,1,1,1,2240,58,588,75,0,0,0,0,0,292,0,0,0,0,0,0,0,0,0,0,0,0,0,0,0,0,0,0,0,0,0,0,0,0,0,0,0,0,3397
"f2331b55-bb35-4f52-9884-abe400c97859","{""year"":2024}","2024-09",-12.5,-129.5,1,1,5,13000,660,4148,1083,32,0,0,0,463,421,0,0,0,0,0,0,0,0,0,0,0,0,0,0,0,0,0,0,0,0,0,0,0,0,0,0,38,0,3397
"f2331b55-bb35-4f52-9884-abe400c97859","{""year"":2024}","2024-10",-12.5,-129.5,4,4,11,29760,250,9782,958,16,0,391,0,563,4412,0,0,0,0,0,0,0,0,0,0,0,0,0,0,0,0,0,0,0,0,0,0,0,0,0,0,35,0,3397
"f2331b55-bb35-4f52-9884-abe400c97859","{""year"":2024}","2024-11",-12.5,-129.5,3,3,18,41520,1406,15889,2231,10,0,883,0,85,3843,0,0,0,0,0,0,0,0,0,0,0,0,0,0,0,0,0,0,0,0,0,0,0,0,0,0,14,0,3397
"f2331b55-bb35-4f52-9884-abe400c97859","{""year"":2024}","2024-12",-12.5,-129.5,1,1,2,6600,54,1583,207,0,0,94,0,0,826,0,0,0,0,0,0,0,0,0,0,0,0,0,0,0,0,0,0,0,0,0,0,0,0,0,0,0,0,3397
"f2331b55-bb35-4f52-9884-abe400c97859","{""year"":2024}","2024-09",-12.5,-128.5,1,1,9,23400,1380,7451,2298,66,0,260,0,683,2108,0,0,0,0,0,0,0,0,0,0,0,0,0,0,0,0,0,0,0,0,0,0,0,0,0,0,21,0,3397
"f2331b55-bb35-4f52-9884-abe400c97859","{""year"":2024}","2024-10",-12.5,-128.5,3,3,17,40290,754,19524,1416,0,0,408,0,225,3132,0,0,0,0,0,0,0,0,0,0,0,0,0,0,0,0,0,0,0,0,0,0,0,0,0,0,15,0,3397
"f2331b55-bb35-4f52-9884-abe400c97859","{""year"":2024}","2024-11",-12.5,-128.5,2,2,7,17550,413,5857,840,33,0,81,0,0,2892,0,0,0,0,0,0,0,0,0,0,0,0,0,0,0,0,0,0,0,0,0,0,0,0,0,0,34,0,3397
"f2331b55-bb35-4f52-9884-abe400c97859","{""year"":2024}","2024-12",-12.5,-128.5,2,2,4,9000,418,2560,268,8,0,324,0,45,1610,0,0,0,0,0,0,0,0,0,0,0,0,0,0,0,0,0,0,0,0,0,0,0,0,0,0,8,0,3397
"f2331b55-bb35-4f52-9884-abe400c97859","{""year"":2024}","2024-10",-12.5,-127.5,1,1,1,2560,80,1234,193,0,0,0,0,0,564,125,0,0,0,0,0,0,0,0,0,0,0,0,0,0,0,0,0,0,0,0,0,0,0,0,0,0,0,3397
"f2331b55-bb35-4f52-9884-abe400c97859","{""year"":2024}","2024-11",-12.5,-127.5,1,1,8,18000,174,9012,749,40,0,184,0,0,2856,0,0,0,0,0,0,0,0,0,0,0,0,0,0,0,0,0,0,0,0,0,0,0,0,0,0,0,0,3397
"f2331b55-bb35-4f52-9884-abe400c97859","{""year"":2024}","2024-12",-12.5,-127.5,2,2,4,9150,254,2220,112,0,0,85,0,0,965,0,0,0,0,0,0,0,0,0,0,0,0,0,0,0,0,0,0,0,0,0,0,0,0,0,0,0,0,3397
"f2331b55-bb35-4f52-9884-abe400c97859","{""year"":2024}","2024-08",-12.5,-126.5,1,1,5,13000,593,3198,1309,14,0,171,0,274,433,0,0,0,0,0,0,0,0,0,0,0,0,0,0,0,0,0,0,0,0,0,0,0,0,0,0,28,0,3397
"f2331b55-bb35-4f52-9884-abe400c97859","{""year"":2024}","2024-10",-12.5,-126.5,1,1,6,15360,807,5126,1403,0,0,500,0,0,1312,1271,0,0,0,0,0,0,0,0,0,0,0,0,0,0,0,0,0,0,0,0,0,0,0,0,0,72,0,3397
"f2331b55-bb35-4f52-9884-abe400c97859","{""year"":2024}","2024-10",-12.5,-124.5,1,1,2,5120,111,579,478,0,0,0,0,0,207,362,0,0,0,0,0,0,0,0,0,0,0,0,0,0,0,0,0,0,0,0,0,0,0,0,0,27,0,3397
"f2331b55-bb35-4f52-9884-abe400c97859","{""year"":2024}","2024-08",-11.5,-143.5,1,1,2,4200,206,2739,349,11,0,0,0,0,241,0,0,0,0,0,0,0,0,0,0,0,0,0,0,0,0,0,0,0,0,0,0,0,0,0,0,0,0,3397
"f2331b55-bb35-4f52-9884-abe400c97859","{""year"":2024}","2024-09",-11.5,-143.5,1,1,1,2250,169,1580,170,0,0,93,0,0,82,0,0,0,0,0,0,0,0,0,0,0,0,0,0,0,0,0,0,0,0,0,0,0,0,0,0,0,0,3397
"f2331b55-bb35-4f52-9884-abe400c97859","{""year"":2024}","2024-12",-11.5,-136.5,1,1,1,2250,32,408,80,0,0,45,0,0,0,0,0,0,0,0,0,0,0,0,0,0,0,0,0,0,0,0,0,0,0,0,0,0,0,0,0,0,0,3397
"f2331b55-bb35-4f52-9884-abe400c97859","{""year"":2024}","2024-01",-11.5,-135.5,1,1,6,15600,156,7059,2240,7,0,1040,0,110,765,0,0,0,0,0,0,0,0,0,0,0,0,0,0,0,0,0,0,0,0,0,0,0,0,0,0,0,0,3397
"f2331b55-bb35-4f52-9884-abe400c97859","{""year"":2024}","2024-12",-11.5,-135.5,1,1,1,2220,134,404,250,0,0,81,0,0,373,140,0,0,0,0,0,0,0,0,0,0,0,0,0,0,0,0,0,0,0,0,0,0,0,0,0,0,0,3397
"f2331b55-bb35-4f52-9884-abe400c97859","{""year"":2024}","2024-01",-11.5,-134.5,3,3,13,31100,224,12516,4276,0,0,1945,0,354,2096,0,0,0,0,0,0,0,0,0,0,0,0,0,0,0,0,0,0,0,0,0,0,0,0,0,0,0,0,3397
"f2331b55-bb35-4f52-9884-abe400c97859","{""year"":2024}","2024-09",-11.5,-134.5,1,1,2,4950,212,1903,82,10,0,51,0,53,358,0,0,0,0,0,0,0,0,0,0,0,0,0,0,0,0,0,0,0,0,0,0,0,0,0,0,22,0,3397
"f2331b55-bb35-4f52-9884-abe400c97859","{""year"":2024}","2024-10",-11.5,-134.5,1,1,1,2600,0,107,0,0,0,0,0,0,119,0,0,0,0,0,0,0,0,0,0,0,0,0,0,0,0,0,0,0,0,0,0,0,0,0,0,0,0,3397
"f2331b55-bb35-4f52-9884-abe400c97859","{""year"":2024}","2024-11",-11.5,-134.5,2,2,15,38600,1212,13717,3005,0,0,1693,0,0,4198,1372,0,0,0,0,0,0,0,0,0,0,0,0,0,0,0,0,0,0,0,0,0,0,0,0,0,15,0,3397
"f2331b55-bb35-4f52-9884-abe400c97859","{""year"":2024}","2024-12",-11.5,-134.5,3,3,22,51120,2633,17145,3824,0,0,1807,0,118,5160,1121,0,0,0,0,0,0,0,0,0,0,0,0,0,0,0,0,0,0,0,0,0,0,0,0,10,26,0,3397
"f2331b55-bb35-4f52-9884-abe400c97859","{""year"":2024}","2024-01",-11.5,-133.5,2,2,12,28350,553,9141,3367,0,0,2633,0,370,2830,0,0,0,0,0,0,0,0,0,0,0,0,0,0,0,0,0,0,0,0,0,0,0,0,0,0,0,0,3397
"f2331b55-bb35-4f52-9884-abe400c97859","{""year"":2024}","2024-08",-11.5,-133.5,1,1,3,7680,286,2081,267,0,0,162,0,0,421,677,0,0,0,0,0,0,0,0,0,0,0,0,0,0,0,0,0,0,0,0,0,0,0,0,0,14,0,3397
"f2331b55-bb35-4f52-9884-abe400c97859","{""year"":2024}","2024-09",-11.5,-133.5,2,2,13,32040,1571,12882,3139,44,0,890,0,58,2302,1941,0,0,0,0,0,0,0,0,0,0,0,0,0,0,0,0,0,0,0,0,0,0,0,0,0,13,0,3397
"f2331b55-bb35-4f52-9884-abe400c97859","{""year"":2024}","2024-10",-11.5,-133.5,1,1,2,4500,60,1525,282,0,0,100,0,0,424,0,0,0,0,0,0,0,0,0,0,0,0,0,0,0,0,0,0,0,0,0,0,0,0,0,0,10,0,3397
"f2331b55-bb35-4f52-9884-abe400c97859","{""year"":2024}","2024-11",-11.5,-133.5,3,3,8,18870,876,4441,535,0,0,609,0,0,2222,317,0,0,0,0,0,0,0,0,0,0,0,0,0,0,0,0,0,0,0,0,0,0,0,0,0,0,0,3397
"f2331b55-bb35-4f52-9884-abe400c97859","{""year"":2024}","2024-12",-11.5,-133.5,4,4,33,78410,3135,25556,6801,23,0,2860,0,100,13246,1634,0,0,0,0,0,0,0,0,0,0,0,0,0,0,0,0,0,0,0,0,0,0,0,0,0,25,0,3397
"f2331b55-bb35-4f52-9884-abe400c97859","{""year"":2024}","2024-08",-11.5,-132.5,1,1,3,7680,658,3364,517,0,0,290,0,0,564,1198,0,0,0,0,0,0,0,0,0,0,0,0,0,0,0,0,0,0,0,0,0,0,0,0,0,16,0,3397
"f2331b55-bb35-4f52-9884-abe400c97859","{""year"":2024}","2024-10",-11.5,-132.5,1,1,1,2250,53,434,0,34,0,136,0,0,205,0,0,0,0,0,0,0,0,0,0,0,0,0,0,0,0,0,0,0,0,0,0,0,0,0,0,0,0,3397
"f2331b55-bb35-4f52-9884-abe400c97859","{""year"":2024}","2024-12",-11.5,-132.5,1,1,4,9000,194,3268,1032,8,0,200,0,197,743,0,0,0,0,0,0,0,0,0,0,0,0,0,0,0,0,0,0,0,0,0,0,0,0,0,0,0,0,3397
"f2331b55-bb35-4f52-9884-abe400c97859","{""year"":2024}","2024-08",-11.5,-131.5,1,1,2,5200,0,67,30,0,0,0,0,72,0,0,0,0,0,0,0,0,0,0,0,0,0,0,0,0,0,0,0,0,0,0,0,0,0,0,0,0,0,3397
"f2331b55-bb35-4f52-9884-abe400c97859","{""year"":2024}","2024-09",-11.5,-131.5,2,2,6,14120,762,5278,401,0,0,496,0,62,568,191,0,0,0,0,0,0,0,0,0,0,0,0,0,0,0,0,0,0,0,0,0,0,0,0,0,0,0,3397
"f2331b55-bb35-4f52-9884-abe400c97859","{""year"":2024}","2024-10",-11.5,-131.5,2,2,2,4650,64,1452,184,0,0,66,0,47,771,0,0,0,0,0,0,0,0,0,0,0,0,0,0,0,0,0,0,0,0,0,0,0,0,0,0,0,0,3397
"f2331b55-bb35-4f52-9884-abe400c97859","{""year"":2024}","2024-11",-11.5,-131.5,1,1,1,4160,45,589,124,0,0,115,0,0,167,0,0,0,0,0,0,0,0,0,0,0,0,0,0,0,0,0,0,0,0,0,0,0,0,0,0,0,0,3397
"f2331b55-bb35-4f52-9884-abe400c97859","{""year"":2024}","2024-09",-11.5,-130.5,3,3,6,14430,393,5090,709,0,0,501,0,67,920,107,0,0,0,0,0,0,0,0,0,0,0,0,0,0,0,0,0,0,0,0,0,0,0,0,0,0,0,3397
"f2331b55-bb35-4f52-9884-abe400c97859","{""year"":2024}","2024-11",-11.5,-130.5,1,1,4,8480,382,2762,746,0,0,277,0,147,965,0,0,0,0,0,0,0,0,0,0,0,0,0,0,0,0,0,0,0,0,0,0,0,0,0,0,0,0,3397
"f2331b55-bb35-4f52-9884-abe400c97859","{""year"":2024}","2024-12",-11.5,-130.5,1,1,6,15200,259,3953,297,0,0,451,0,0,849,0,0,0,0,0,0,0,0,0,0,0,0,0,0,0,0,0,0,0,0,0,0,0,0,0,0,0,0,3397
"f2331b55-bb35-4f52-9884-abe400c97859","{""year"":2024}","2024-09",-11.5,-129.5,4,4,19,47570,1503,18047,1656,84,0,358,0,692,3724,0,0,0,0,0,0,0,0,0,0,0,0,0,0,0,0,0,0,0,0,0,0,0,0,0,0,161,0,3397
"f2331b55-bb35-4f52-9884-abe400c97859","{""year"":2024}","2024-10",-11.5,-129.5,1,1,4,9000,115,2471,482,10,0,66,0,183,313,0,0,0,0,0,0,0,0,0,0,0,0,0,0,0,0,0,0,0,0,0,0,0,0,0,0,0,0,3397
"f2331b55-bb35-4f52-9884-abe400c97859","{""year"":2024}","2024-12",-11.5,-129.5,3,3,9,20700,642,5580,1079,35,0,360,0,88,2583,0,0,0,0,0,0,0,0,0,0,0,0,0,0,0,0,0,0,0,0,0,0,0,0,0,0,11,0,3397
"f2331b55-bb35-4f52-9884-abe400c97859","{""year"":2024}","2024-09",-11.5,-128.5,2,2,4,10360,220,2262,760,10,0,199,0,178,685,37,0,0,0,0,0,0,0,0,0,0,0,0,0,0,0,0,0,0,0,0,0,0,0,0,0,28,0,3397
"f2331b55-bb35-4f52-9884-abe400c97859","{""year"":2024}","2024-10",-11.5,-128.5,1,1,4,9000,311,3139,579,0,0,185,0,268,681,0,0,0,0,0,0,0,0,0,0,0,0,0,0,0,0,0,0,0,0,0,0,0,0,0,0,8,0,3397
"f2331b55-bb35-4f52-9884-abe400c97859","{""year"":2024}","2024-12",-11.5,-128.5,1,1,3,7200,159,2182,564,10,0,66,0,0,504,0,0,0,0,0,0,0,0,0,0,0,0,0,0,0,0,0,0,0,0,0,0,0,0,0,0,37,0,3397
"f2331b55-bb35-4f52-9884-abe400c97859","{""year"":2024}","2024-08",-10.5,-146.5,3,3,25,57990,4049,20347,6855,176,0,1717,0,1426,3592,1786,0,0,0,0,0,0,0,0,0,0,0,0,0,0,0,0,0,0,0,0,0,0,0,0,0,45,0,3397
"f2331b55-bb35-4f52-9884-abe400c97859","{""year"":2024}","2024-09",-10.5,-146.5,2,2,29,65250,5217,24946,7750,207,0,1601,0,1389,3014,2178,0,0,0,0,0,0,0,0,0,0,0,0,0,0,0,0,0,0,0,0,0,0,0,0,0,24,0,3397
"f2331b55-bb35-4f52-9884-abe400c97859","{""year"":2024}","2024-07",-10.5,-145.5,1,1,4,8880,860,1792,1363,0,0,185,0,189,275,768,0,0,0,0,0,0,0,0,0,0,0,0,0,0,0,0,0,0,0,0,0,0,0,0,0,0,0,3397
"f2331b55-bb35-4f52-9884-abe400c97859","{""year"":2024}","2024-08",-10.5,-145.5,3,3,16,38120,1488,11172,2900,18,0,476,0,403,1748,376,0,0,0,0,0,0,0,0,0,0,0,0,0,0,0,0,0,0,0,0,0,0,0,0,0,0,0,3397
"f2331b55-bb35-4f52-9884-abe400c97859","{""year"":2024}","2024-09",-10.5,-145.5,4,4,36,81810,3970,30075,8226,173,0,1643,0,1399,3468,60,0,0,0,0,0,0,0,0,0,0,0,0,0,0,0,0,0,0,0,0,0,0,0,0,0,14,0,3397
"f2331b55-bb35-4f52-9884-abe400c97859","{""year"":2024}","2024-10",-10.5,-145.5,1,1,2,4500,115,211,158,15,0,0,0,172,0,27,0,0,0,0,0,0,0,0,0,0,0,0,0,0,0,0,0,0,0,0,0,0,0,0,0,0,0,3397
"f2331b55-bb35-4f52-9884-abe400c97859","{""year"":2024}","2024-07",-10.5,-144.5,2,2,10,22440,1481,5727,2193,67,0,572,0,575,785,354,0,0,0,0,0,0,0,0,0,0,0,0,0,0,0,0,0,0,0,0,0,0,0,0,35,10,0,3397
"f2331b55-bb35-4f52-9884-abe400c97859","{""year"":2024}","2024-08",-10.5,-144.5,3,3,17,40980,2247,9684,2524,22,0,343,0,0,2066,542,0,0,0,0,0,0,0,0,0,0,0,0,0,0,0,0,0,0,0,0,0,0,0,0,0,0,0,3397
"f2331b55-bb35-4f52-9884-abe400c97859","{""year"":2024}","2024-09",-10.5,-144.5,2,2,8,16950,792,2530,960,24,0,138,0,108,372,0,0,0,0,0,0,0,0,0,0,0,0,0,0,0,0,0,0,0,0,0,0,0,0,0,0,0,0,3397
"f2331b55-bb35-4f52-9884-abe400c97859","{""year"":2024}","2024-07",-10.5,-143.5,1,1,2,4440,639,1575,861,0,0,253,0,0,290,430,0,0,0,0,0,0,0,0,0,0,0,0,0,0,0,0,0,0,0,0,0,0,0,0,0,0,0,3397
"f2331b55-bb35-4f52-9884-abe400c97859","{""year"":2024}","2024-08",-10.5,-143.5,2,2,31,69300,4753,23550,5327,163,0,740,0,480,3589,0,0,0,0,0,0,0,0,0,0,0,0,0,0,0,0,0,0,0,0,0,0,0,0,0,29,36,0,3397
"f2331b55-bb35-4f52-9884-abe400c97859","{""year"":2024}","2024-09",-10.5,-143.5,2,2,11,27050,1261,9045,1719,60,0,610,0,281,789,0,0,0,0,0,0,0,0,0,0,0,0,0,0,0,0,0,0,0,0,0,0,0,0,0,0,0,0,3397
"f2331b55-bb35-4f52-9884-abe400c97859","{""year"":2024}","2024-08",-10.5,-134.5,1,1,3,6750,405,2574,588,35,0,66,0,168,268,0,0,0,0,0,0,0,0,0,0,0,0,0,0,0,0,0,0,0,0,0,0,0,0,0,0,11,0,3397
"f2331b55-bb35-4f52-9884-abe400c97859","{""year"":2024}","2024-09",-10.5,-134.5,1,1,1,2250,69,685,387,0,0,135,0,0,150,0,0,0,0,0,0,0,0,0,0,0,0,0,0,0,0,0,0,0,0,0,0,0,0,0,0,15,0,3397
"f2331b55-bb35-4f52-9884-abe400c97859","{""year"":2024}","2024-12",-10.5,-134.5,3,3,8,21300,266,4939,1124,0,0,863,0,0,1275,497,0,0,0,0,0,0,0,0,0,0,0,0,0,0,0,0,0,0,0,0,0,0,0,0,0,0,0,3397
"f2331b55-bb35-4f52-9884-abe400c97859","{""year"":2024}","2024-08",-10.5,-133.5,1,1,1,2250,53,782,417,5,0,0,0,0,0,0,0,0,0,0,0,0,0,0,0,0,0,0,0,0,0,0,0,0,0,0,0,0,0,0,0,0,0,3397
"f2331b55-bb35-4f52-9884-abe400c97859","{""year"":2024}","2024-09",-10.5,-133.5,3,3,10,25340,1059,8845,2160,25,0,799,0,240,2521,679,0,0,0,0,0,0,0,0,0,0,0,0,0,0,0,0,0,0,0,0,0,0,0,0,0,131,0,3397
"f2331b55-bb35-4f52-9884-abe400c97859","{""year"":2024}","2024-12",-10.5,-133.5,2,2,5,13160,332,4068,944,0,0,269,0,0,1452,0,0,0,0,0,0,0,0,0,0,0,0,0,0,0,0,0,0,0,0,0,0,0,0,0,0,0,0,3397
"f2331b55-bb35-4f52-9884-abe400c97859","{""year"":2024}","2024-08",-10.5,-132.5,1,1,4,10240,220,3262,1465,0,0,376,0,0,666,512,0,0,0,0,0,0,0,0,0,0,0,0,0,0,0,0,0,0,0,0,0,0,0,0,0,0,0,3397
"f2331b55-bb35-4f52-9884-abe400c97859","{""year"":2024}","2024-09",-10.5,-132.5,3,3,12,29720,1089,9866,2673,80,0,1067,0,203,1547,365,0,0,0,0,0,0,0,0,0,0,0,0,0,0,0,0,0,0,0,0,0,0,0,0,0,103,0,3397
"f2331b55-bb35-4f52-9884-abe400c97859","{""year"":2024}","2024-12",-10.5,-132.5,1,1,2,4800,301,516,122,0,0,166,0,0,100,0,0,0,0,0,0,0,0,0,0,0,0,0,0,0,0,0,0,0,0,0,0,0,0,0,0,0,0,3397
"f2331b55-bb35-4f52-9884-abe400c97859","{""year"":2024}","2024-09",-10.5,-131.5,2,2,11,27260,506,12137,1326,20,0,292,0,327,2396,0,0,0,0,0,0,0,0,0,0,0,0,0,0,0,0,0,0,0,0,0,0,0,0,0,8,0,0,3397
"f2331b55-bb35-4f52-9884-abe400c97859","{""year"":2024}","2024-10",-10.5,-131.5,3,3,15,34840,437,13107,1761,25,0,629,0,366,3291,0,0,0,0,0,0,0,0,0,0,0,0,0,0,0,0,0,0,0,0,0,0,0,0,0,0,55,0,3397
"f2331b55-bb35-4f52-9884-abe400c97859","{""year"":2024}","2024-09",-10.5,-130.5,1,1,3,6750,96,1916,133,20,0,78,0,41,802,0,0,0,0,0,0,0,0,0,0,0,0,0,0,0,0,0,0,0,0,0,0,0,0,0,0,0,0,3397
"f2331b55-bb35-4f52-9884-abe400c97859","{""year"":2024}","2024-10",-10.5,-130.5,1,1,1,2250,30,600,59,0,0,0,0,0,225,0,0,0,0,0,0,0,0,0,0,0,0,0,0,0,0,0,0,0,0,0,0,0,0,0,0,0,0,3397
"f2331b55-bb35-4f52-9884-abe400c97859","{""year"":2024}","2024-10",-10.5,-129.5,1,1,1,2600,0,541,114,0,0,0,0,0,146,0,0,0,0,0,0,0,0,0,0,0,0,0,0,0,0,0,0,0,0,0,0,0,0,0,0,0,0,3397
"f2331b55-bb35-4f52-9884-abe400c97859","{""year"":2024}","2024-12",-10.5,-129.5,1,1,3,6750,13,1794,523,7,0,211,0,52,943,0,0,0,0,0,0,0,0,0,0,0,0,0,0,0,0,0,0,0,0,0,0,0,0,0,0,10,0,3397
"f2331b55-bb35-4f52-9884-abe400c97859","{""year"":2024}","2024-09",-10.5,-128.5,1,1,1,2600,109,684,141,0,0,127,0,0,0,0,0,0,0,0,0,0,0,0,0,0,0,0,0,0,0,0,0,0,0,0,0,0,0,0,0,0,0,3397
"f2331b55-bb35-4f52-9884-abe400c97859","{""year"":2024}","2024-10",-10.5,-128.5,3,3,8,20370,113,4256,686,88,0,332,0,101,983,223,0,0,0,0,0,0,0,0,0,0,0,0,0,0,0,0,0,0,0,0,0,0,0,0,0,83,0,3397
"f2331b55-bb35-4f52-9884-abe400c97859","{""year"":2024}","2024-07",-9.5,-146.5,2,2,14,32550,2959,8709,6569,207,0,596,0,369,1088,1567,0,0,0,0,0,0,0,0,0,0,0,0,0,0,0,0,0,0,0,0,0,0,0,0,0,0,0,3397
"f2331b55-bb35-4f52-9884-abe400c97859","{""year"":2024}","2024-08",-9.5,-146.5,1,1,7,16050,1578,5954,2956,49,0,523,0,159,249,851,0,0,0,0,0,0,0,0,0,0,0,0,0,0,0,0,0,0,0,0,0,0,0,0,0,7,0,3397
"f2331b55-bb35-4f52-9884-abe400c97859","{""year"":2024}","2024-07",-9.5,-145.5,3,3,4,8820,1089,2589,945,35,0,62,0,57,395,162,0,0,0,0,0,0,0,0,0,0,0,0,0,0,0,0,0,0,0,0,0,0,0,0,0,0,0,3397
"f2331b55-bb35-4f52-9884-abe400c97859","{""year"":2024}","2024-08",-9.5,-145.5,4,4,12,27180,2485,9316,3170,92,0,269,0,273,538,940,0,0,0,0,0,0,0,0,0,0,0,0,0,0,0,0,0,0,0,0,0,0,0,0,0,7,0,3397
"f2331b55-bb35-4f52-9884-abe400c97859","{""year"":2024}","2024-09",-9.5,-145.5,1,1,6,13500,819,4233,1504,39,0,326,0,222,605,0,0,0,0,0,0,0,0,0,0,0,0,0,0,0,0,0,0,0,0,0,0,0,0,0,0,0,0,3397
"f2331b55-bb35-4f52-9884-abe400c97859","{""year"":2024}","2024-07",-9.5,-144.5,1,1,3,6750,775,2028,725,18,0,90,0,131,608,0,0,0,0,0,0,0,0,0,0,0,0,0,0,0,0,0,0,0,0,0,0,0,0,0,0,31,0,3397
"f2331b55-bb35-4f52-9884-abe400c97859","{""year"":2024}","2024-08",-9.5,-144.5,2,2,2,4470,257,601,381,0,0,0,0,52,265,72,0,0,0,0,0,0,0,0,0,0,0,0,0,0,0,0,0,0,0,0,0,0,0,0,0,0,0,3397
"f2331b55-bb35-4f52-9884-abe400c97859","{""year"":2024}","2024-09",-9.5,-144.5,1,1,3,6750,363,2294,701,0,0,52,0,95,139,0,0,0,0,0,0,0,0,0,0,0,0,0,0,0,0,0,0,0,0,0,0,0,0,0,0,0,0,3397
"f2331b55-bb35-4f52-9884-abe400c97859","{""year"":2024}","2024-01",-9.5,-134.5,1,1,1,2720,0,494,554,0,0,54,0,0,110,367,0,0,0,0,0,0,0,0,0,0,0,0,0,0,0,0,0,0,0,0,0,0,0,0,0,0,0,3397
"f2331b55-bb35-4f52-9884-abe400c97859","{""year"":2024}","2024-08",-9.5,-134.5,1,1,6,13500,740,4637,1269,58,0,63,0,51,555,0,0,0,0,0,0,0,0,0,0,0,0,0,0,0,0,0,0,0,0,0,0,0,0,0,0,13,0,3397
"f2331b55-bb35-4f52-9884-abe400c97859","{""year"":2024}","2024-12",-9.5,-134.5,1,1,2,5120,109,970,324,0,0,122,0,0,555,622,0,0,0,0,0,0,0,0,0,0,0,0,0,0,0,0,0,0,0,0,0,0,0,0,0,0,0,3397
"f2331b55-bb35-4f52-9884-abe400c97859","{""year"":2024}","2024-08",-9.5,-133.5,1,1,1,2250,83,503,191,0,0,0,0,0,278,0,0,0,0,0,0,0,0,0,0,0,0,0,0,0,0,0,0,0,0,0,0,0,0,0,0,0,0,3397
"f2331b55-bb35-4f52-9884-abe400c97859","{""year"":2024}","2024-08",-9.5,-132.5,1,1,1,2560,35,736,213,0,0,58,0,0,127,909,0,0,0,0,0,0,0,0,0,0,0,0,0,0,0,0,0,0,0,0,0,0,0,0,0,0,0,3397
"f2331b55-bb35-4f52-9884-abe400c97859","{""year"":2024}","2024-02",-8.5,-146.5,2,2,14,31500,1886,10666,9334,18,0,1786,0,172,618,0,0,0,0,0,0,0,0,0,0,0,0,0,0,0,0,0,0,0,0,0,0,0,0,0,0,9,0,3397
"f2331b55-bb35-4f52-9884-abe400c97859","{""year"":2024}","2024-07",-8.5,-146.5,3,3,15,37750,4379,12656,8076,234,0,790,0,655,1040,0,0,0,0,0,0,0,0,0,0,0,0,0,0,0,0,0,0,0,0,0,0,0,0,0,0,34,0,3397
"f2331b55-bb35-4f52-9884-abe400c97859","{""year"":2024}","2024-08",-8.5,-146.5,5,5,21,47820,2713,12166,6017,156,0,369,0,541,2159,0,0,0,0,0,0,0,0,0,0,0,0,0,0,0,0,0,0,0,0,0,0,0,0,0,0,62,0,3397
"f2331b55-bb35-4f52-9884-abe400c97859","{""year"":2024}","2024-02",-8.5,-145.5,3,3,7,17700,704,10041,8150,0,0,783,0,136,432,0,0,0,0,0,0,0,0,0,0,0,0,0,0,0,0,0,0,0,0,0,0,0,0,0,0,15,0,3397
"f2331b55-bb35-4f52-9884-abe400c97859","{""year"":2024}","2024-07",-8.5,-145.5,3,3,18,40050,4700,11510,7973,685,0,1276,0,728,918,0,0,0,0,0,0,0,0,0,0,0,0,0,0,0,0,0,0,0,0,0,0,0,0,0,0,48,0,3397
"f2331b55-bb35-4f52-9884-abe400c97859","{""year"":2024}","2024-08",-8.5,-145.5,3,3,7,16500,536,3237,1996,64,0,265,0,41,315,0,0,0,0,0,0,0,0,0,0,0,0,0,0,0,0,0,0,0,0,0,0,0,0,0,0,8,0,3397
"f2331b55-bb35-4f52-9884-abe400c97859","{""year"":2024}","2024-01",-8.5,-144.5,2,2,5,11700,187,5362,3093,24,0,564,0,57,407,0,0,0,0,0,0,0,0,0,0,0,0,0,0,0,0,0,0,0,0,0,0,0,0,0,0,40,0,3397
"f2331b55-bb35-4f52-9884-abe400c97859","{""year"":2024}","2024-02",-8.5,-144.5,3,3,18,40650,988,20377,14961,196,0,1279,0,250,941,0,0,0,0,0,0,0,0,0,0,0,0,0,0,0,0,0,0,0,0,0,0,0,0,0,0,101,0,3397
"f2331b55-bb35-4f52-9884-abe400c97859","{""year"":2024}","2024-07",-8.5,-144.5,1,1,1,2250,448,1083,647,60,0,0,0,84,109,0,0,0,0,0,0,0,0,0,0,0,0,0,0,0,0,0,0,0,0,0,0,0,0,0,0,0,0,3397
"f2331b55-bb35-4f52-9884-abe400c97859","{""year"":2024}","2024-08",-8.5,-144.5,1,1,3,6750,1309,1793,1186,36,0,37,0,0,371,0,0,0,0,0,0,0,0,0,0,0,0,0,0,0,0,0,0,0,0,0,0,0,0,0,0,6,0,3397
"f2331b55-bb35-4f52-9884-abe400c97859","{""year"":2024}","2024-08",-8.5,-135.5,1,1,1,2250,66,402,216,0,0,44,0,0,0,0,0,0,0,0,0,0,0,0,0,0,0,0,0,0,0,0,0,0,0,0,0,0,0,0,0,26,0,3397
"f2331b55-bb35-4f52-9884-abe400c97859","{""year"":2024}","2024-01",-8.5,-133.5,1,1,1,2700,22,296,123,0,0,0,0,0,28,0,0,0,0,0,0,0,0,0,0,0,0,0,0,0,0,0,0,0,0,0,0,0,0,0,0,0,0,3397
"f2331b55-bb35-4f52-9884-abe400c97859","{""year"":2024}","2024-08",-8.5,-133.5,1,1,3,6750,165,1732,718,217,0,69,0,0,242,0,0,0,0,0,0,0,0,0,0,0,0,0,0,0,0,0,0,0,0,0,0,0,0,0,0,20,0,3397
"f2331b55-bb35-4f52-9884-abe400c97859","{""year"":2024}","2024-07",-8.5,-132.5,1,1,1,2560,306,871,93,0,0,0,0,0,58,130,0,0,0,0,0,0,0,0,0,0,0,0,0,0,0,0,0,0,0,0,0,0,0,0,0,0,0,3397
"f2331b55-bb35-4f52-9884-abe400c97859","{""year"":2024}","2024-08",-8.5,-132.5,1,1,5,12800,372,7180,1583,0,0,340,0,0,173,2109,0,0,0,0,0,0,0,0,0,0,0,0,0,0,0,0,0,0,0,0,0,0,0,0,0,34,0,3397
"f2331b55-bb35-4f52-9884-abe400c97859","{""year"":2024}","2024-01",-8.5,-131.5,1,1,1,2250,0,591,280,0,0,0,0,0,362,0,0,0,0,0,0,0,0,0,0,0,0,0,0,0,0,0,0,0,0,0,0,0,0,0,0,0,0,3397
"f2331b55-bb35-4f52-9884-abe400c97859","{""year"":2024}","2024-08",-8.5,-131.5,1,1,3,7680,262,2331,706,0,0,314,0,0,368,837,0,0,0,0,0,0,0,0,0,0,0,0,0,0,0,0,0,0,0,0,0,0,0,0,0,24,0,3397
"f2331b55-bb35-4f52-9884-abe400c97859","{""year"":2024}","2024-01",-8.5,-130.5,1,1,1,2400,0,553,322,22,0,124,0,52,549,0,0,0,0,0,0,0,0,0,0,0,0,0,0,0,0,0,0,0,0,0,0,0,0,0,0,0,0,3397
"f2331b55-bb35-4f52-9884-abe400c97859","{""year"":2024}","2024-02",-7.5,-147.5,1,1,1,2250,215,1212,1063,0,0,124,0,0,0,0,0,0,0,0,0,0,0,0,0,0,0,0,0,0,0,0,0,0,0,0,0,0,0,0,0,0,0,3397
"f2331b55-bb35-4f52-9884-abe400c97859","{""year"":2024}","2024-07",-7.5,-147.5,2,2,4,9000,1297,1363,1626,29,0,326,0,318,145,1377,0,0,0,0,0,0,0,0,0,0,0,0,0,0,0,0,0,0,0,0,0,0,0,0,0,0,0,3397
"f2331b55-bb35-4f52-9884-abe400c97859","{""year"":2024}","2024-08",-7.5,-147.5,1,1,1,3840,45,271,431,0,0,0,0,0,71,0,0,0,0,0,0,0,0,0,0,0,0,0,0,0,0,0,0,0,0,0,0,0,0,0,0,0,0,3397
"f2331b55-bb35-4f52-9884-abe400c97859","{""year"":2024}","2024-02",-7.5,-146.5,3,3,9,21600,1220,7589,9238,72,0,1024,0,45,753,172,0,0,0,0,0,0,0,0,0,0,0,0,0,0,0,0,0,0,0,0,0,0,0,0,0,26,0,3397
"f2331b55-bb35-4f52-9884-abe400c97859","{""year"":2024}","2024-03",-7.5,-146.5,1,1,2,4500,498,626,2361,0,0,295,0,57,48,0,0,0,0,0,0,0,0,0,0,0,0,0,0,0,0,0,0,0,0,0,0,0,0,0,0,0,0,3397
"f2331b55-bb35-4f52-9884-abe400c97859","{""year"":2024}","2024-07",-7.5,-146.5,3,3,9,20250,3161,3739,5771,61,0,585,0,371,934,2015,0,0,0,0,0,0,0,0,0,0,0,0,0,0,0,0,0,0,0,0,0,0,0,0,0,0,0,3397
"f2331b55-bb35-4f52-9884-abe400c97859","{""year"":2024}","2024-08",-7.5,-146.5,2,2,4,11500,251,1886,1170,40,0,134,0,0,328,0,0,0,0,0,0,0,0,0,0,0,0,0,0,0,0,0,0,0,0,0,0,0,0,0,0,0,0,3397
"f2331b55-bb35-4f52-9884-abe400c97859","{""year"":2024}","2024-01",-7.5,-145.5,2,2,2,4640,0,1321,770,0,0,158,0,63,387,0,0,0,0,0,0,0,0,0,0,0,0,0,0,0,0,0,0,0,0,0,0,0,0,0,0,0,0,3397
"f2331b55-bb35-4f52-9884-abe400c97859","{""year"":2024}","2024-02",-7.5,-145.5,4,4,26,58330,1247,15698,24081,36,0,1905,66,349,1860,46,0,0,0,0,0,0,0,0,0,0,0,0,0,0,0,0,0,0,0,0,0,0,0,0,70,170,0,3397
"f2331b55-bb35-4f52-9884-abe400c97859","{""year"":2024}","2024-07",-7.5,-145.5,2,2,2,4470,478,650,818,3,0,69,0,0,120,385,0,0,0,0,0,0,0,0,0,0,0,0,0,0,0,0,0,0,0,0,0,0,0,0,0,0,0,3397
"f2331b55-bb35-4f52-9884-abe400c97859","{""year"":2024}","2024-08",-7.5,-145.5,2,2,4,8660,235,542,495,21,0,153,0,58,367,0,0,0,0,0,0,0,0,0,0,0,0,0,0,0,0,0,0,0,0,0,0,0,0,0,0,0,0,3397
"f2331b55-bb35-4f52-9884-abe400c97859","{""year"":2024}","2024-01",-7.5,-144.5,3,3,8,18410,278,6082,5688,12,0,881,0,223,1225,137,0,0,0,0,0,0,0,0,0,0,0,0,0,0,0,0,0,0,0,0,0,0,0,0,0,29,0,3397
"f2331b55-bb35-4f52-9884-abe400c97859","{""year"":2024}","2024-02",-7.5,-144.5,3,3,3,6890,61,1508,2690,28,0,351,0,0,245,46,0,0,0,0,0,0,0,0,0,0,0,0,0,0,0,0,0,0,0,0,0,0,0,0,0,34,0,3397
"f2331b55-bb35-4f52-9884-abe400c97859","{""year"":2024}","2024-07",-7.5,-144.5,1,1,8,18000,2665,5202,4322,203,0,348,0,179,217,0,0,0,0,0,0,0,0,0,0,0,0,0,0,0,0,0,0,0,0,0,0,0,0,0,0,6,0,3397
"f2331b55-bb35-4f52-9884-abe400c97859","{""year"":2024}","2024-08",-7.5,-144.5,1,1,1,2250,225,720,788,42,0,40,0,0,30,0,0,0,0,0,0,0,0,0,0,0,0,0,0,0,0,0,0,0,0,0,0,0,0,0,0,0,0,3397
"f2331b55-bb35-4f52-9884-abe400c97859","{""year"":2024}","2024-07",-7.5,-133.5,1,1,7,17920,355,3083,2677,0,0,492,0,0,780,578,0,0,0,0,0,0,0,0,0,0,0,0,0,0,0,0,0,0,0,0,0,0,0,0,0,67,0,3397
"f2331b55-bb35-4f52-9884-abe400c97859","{""year"":2024}","2024-08",-7.5,-133.5,1,1,2,4500,45,861,745,85,0,152,0,138,203,0,0,0,0,0,0,0,0,0,0,0,0,0,0,0,0,0,0,0,0,0,0,0,0,0,0,10,0,3397
"f2331b55-bb35-4f52-9884-abe400c97859","{""year"":2024}","2024-12",-7.5,-129.5,1,1,1,2250,0,266,500,0,0,0,0,60,672,0,0,0,0,0,0,0,0,0,0,0,0,0,0,0,0,0,0,0,0,0,0,0,0,0,0,0,0,3397
"f2331b55-bb35-4f52-9884-abe400c97859","{""year"":2024}","2024-07",-6.5,-149.5,1,1,1,2250,235,361,1102,12,0,79,0,51,0,0,0,0,0,0,0,0,0,0,0,0,0,0,0,0,0,0,0,0,0,0,0,0,0,0,0,0,0,3397
"f2331b55-bb35-4f52-9884-abe400c97859","{""year"":2024}","2024-08",-6.5,-149.5,1,1,2,4440,311,634,606,0,0,98,0,0,25,640,0,0,0,0,0,0,0,0,0,0,0,0,0,0,0,0,0,0,0,0,0,0,0,0,0,0,0,3397
"f2331b55-bb35-4f52-9884-abe400c97859","{""year"":2024}","2024-10",-6.5,-149.5,1,1,1,2220,16,196,97,0,0,0,0,0,34,229,0,0,0,0,0,0,0,0,0,0,0,0,0,0,0,0,0,0,0,0,0,0,0,0,0,0,0,3397
"f2331b55-bb35-4f52-9884-abe400c97859","{""year"":2024}","2024-01",-6.5,-148.5,1,1,1,2720,0,212,827,0,0,0,0,0,40,216,0,0,0,0,0,0,0,0,0,0,0,0,0,0,0,0,0,0,0,0,0,0,0,0,0,0,0,3397
"f2331b55-bb35-4f52-9884-abe400c97859","{""year"":2024}","2024-07",-6.5,-148.5,1,1,3,6750,846,1360,2053,45,0,205,0,63,47,0,0,0,0,0,0,0,0,0,0,0,0,0,0,0,0,0,0,0,0,0,0,0,0,0,0,0,0,3397
"f2331b55-bb35-4f52-9884-abe400c97859","{""year"":2024}","2024-11",-6.5,-148.5,1,1,2,4440,34,645,213,0,0,242,0,0,67,368,0,0,0,0,0,0,0,0,0,0,0,0,0,0,0,0,0,0,0,0,0,0,0,0,9,0,0,3397
"f2331b55-bb35-4f52-9884-abe400c97859","{""year"":2024}","2024-01",-6.5,-147.5,2,2,4,10520,38,1221,3704,0,0,155,0,0,278,223,0,0,0,0,0,0,0,0,0,0,0,0,0,0,0,0,0,0,0,0,0,0,0,0,0,0,0,3397
"f2331b55-bb35-4f52-9884-abe400c97859","{""year"":2024}","2024-07",-6.5,-147.5,1,1,1,2220,453,182,455,0,0,35,0,0,27,454,0,0,0,0,0,0,0,0,0,0,0,0,0,0,0,0,0,0,0,0,0,0,0,0,0,0,0,3397
"f2331b55-bb35-4f52-9884-abe400c97859","{""year"":2024}","2024-01",-6.5,-146.5,1,1,1,2400,33,519,835,0,0,330,0,0,459,191,0,0,0,0,0,0,0,0,0,0,0,0,0,0,0,0,0,0,0,0,0,0,0,0,0,0,0,3397
"f2331b55-bb35-4f52-9884-abe400c97859","{""year"":2024}","2024-02",-6.5,-146.5,2,2,2,4650,131,798,1520,0,0,245,0,0,89,182,0,0,0,0,0,0,0,0,0,0,0,0,0,0,0,0,0,0,0,0,0,0,0,0,0,0,0,3397
"f2331b55-bb35-4f52-9884-abe400c97859","{""year"":2024}","2024-01",-6.5,-145.5,2,2,10,22970,516,6043,14118,27,0,1420,0,57,1213,1362,0,0,0,0,0,0,0,0,0,0,0,0,0,0,0,0,0,0,0,0,0,0,0,0,26,39,0,3397
"f2331b55-bb35-4f52-9884-abe400c97859","{""year"":2024}","2024-02",-6.5,-145.5,5,5,11,26850,239,6401,10526,0,0,1608,0,163,1947,416,0,0,0,0,0,0,0,0,0,0,0,0,0,0,0,0,0,0,0,0,0,0,0,0,34,95,0,3397
"f2331b55-bb35-4f52-9884-abe400c97859","{""year"":2024}","2024-01",-6.5,-144.5,3,3,9,21360,128,6095,3689,10,0,592,0,134,1341,0,0,0,0,0,0,0,0,0,0,0,0,0,0,0,0,0,0,0,0,0,0,0,0,0,0,72,0,3397
"f2331b55-bb35-4f52-9884-abe400c97859","{""year"":2024}","2024-02",-6.5,-144.5,3,3,4,9300,122,2663,5682,11,0,756,0,97,275,0,0,0,0,0,0,0,0,0,0,0,0,0,0,0,0,0,0,0,0,0,0,0,0,0,0,42,0,3397
"f2331b55-bb35-4f52-9884-abe400c97859","{""year"":2024}","2024-01",-6.5,-143.5,1,1,1,2100,0,51,0,0,0,0,0,0,203,52,0,0,0,0,0,0,0,0,0,0,0,0,0,0,0,0,0,0,0,0,0,0,0,0,0,0,0,3397
"f2331b55-bb35-4f52-9884-abe400c97859","{""year"":2024}","2024-07",-6.5,-137.5,1,1,1,2560,18,229,155,0,0,80,0,0,0,52,0,0,0,0,0,0,0,0,0,0,0,0,0,0,0,0,0,0,0,0,0,0,0,0,0,0,0,3397
"f2331b55-bb35-4f52-9884-abe400c97859","{""year"":2024}","2024-08",-6.5,-137.5,1,1,1,2250,40,398,283,29,0,0,0,0,21,0,0,0,0,0,0,0,0,0,0,0,0,0,0,0,0,0,0,0,0,0,0,0,0,0,13,0,0,3397
"f2331b55-bb35-4f52-9884-abe400c97859","{""year"":2024}","2024-08",-6.5,-136.5,1,1,1,2250,0,367,231,33,0,0,0,46,73,0,0,0,0,0,0,0,0,0,0,0,0,0,0,0,0,0,0,0,0,0,0,0,0,0,0,6,0,3397
"f2331b55-bb35-4f52-9884-abe400c97859","{""year"":2024}","2024-12",-6.5,-136.5,1,1,4,10240,101,3205,1250,0,0,286,0,0,1629,171,0,0,0,0,0,0,0,0,0,0,0,0,0,0,0,0,0,0,0,0,0,0,0,0,0,0,0,3397
"f2331b55-bb35-4f52-9884-abe400c97859","{""year"":2024}","2024-01",-6.5,-135.5,1,1,2,5440,0,319,301,0,0,0,0,0,129,147,0,0,0,0,0,0,0,0,0,0,0,0,0,0,0,0,0,0,0,0,0,0,0,0,32,0,0,3397
"f2331b55-bb35-4f52-9884-abe400c97859","{""year"":2024}","2024-07",-6.5,-135.5,1,1,4,10240,220,4193,1504,0,0,235,0,0,219,142,0,0,0,0,0,0,0,0,0,0,0,0,0,0,0,0,0,0,0,0,0,0,0,0,0,43,0,3397
"f2331b55-bb35-4f52-9884-abe400c97859","{""year"":2024}","2024-07",-6.5,-134.5,1,1,1,2560,37,602,196,0,0,205,0,0,118,46,0,0,0,0,0,0,0,0,0,0,0,0,0,0,0,0,0,0,0,0,0,0,0,0,0,0,0,3397
"f2331b55-bb35-4f52-9884-abe400c97859","{""year"":2024}","2024-01",-6.5,-133.5,1,1,4,9600,0,1663,927,0,0,324,0,64,643,0,0,0,0,0,0,0,0,0,0,0,0,0,0,0,0,0,0,0,0,0,0,0,0,0,0,0,0,3397
"f2331b55-bb35-4f52-9884-abe400c97859","{""year"":2024}","2024-12",-6.5,-133.5,1,1,1,2220,0,0,0,0,0,0,0,0,152,0,0,0,0,0,0,0,0,0,0,0,0,0,0,0,0,0,0,0,0,0,0,0,0,0,0,0,0,3397
"f2331b55-bb35-4f52-9884-abe400c97859","{""year"":2024}","2024-12",-6.5,-132.5,2,2,2,4620,57,707,341,8,0,110,0,0,1034,0,0,0,0,0,0,0,0,0,0,0,0,0,0,0,0,0,0,0,0,0,0,0,0,0,0,0,0,3397
"f2331b55-bb35-4f52-9884-abe400c97859","{""year"":2024}","2024-12",-6.5,-131.5,1,1,1,2220,0,253,0,0,0,0,0,0,0,31,0,0,0,0,0,0,0,0,0,0,0,0,0,0,0,0,0,0,0,0,0,0,0,0,0,0,0,3397
"f2331b55-bb35-4f52-9884-abe400c97859","{""year"":2024}","2024-12",-6.5,-130.5,2,2,7,17850,19,2450,2339,82,0,201,0,103,3430,0,0,0,0,0,0,0,0,0,0,0,0,0,0,0,0,0,0,0,0,0,0,0,0,0,0,0,0,3397
"f2331b55-bb35-4f52-9884-abe400c97859","{""year"":2024}","2024-12",-6.5,-129.5,2,2,4,9150,20,1642,2199,110,0,0,0,42,2190,0,0,0,0,0,0,0,0,0,0,0,0,0,0,0,0,0,0,0,0,0,0,0,0,0,0,35,0,3397
"f2331b55-bb35-4f52-9884-abe400c97859","{""year"":2024}","2024-01",-5.5,-149.5,1,1,1,2720,64,569,483,0,0,58,0,52,76,94,0,0,0,0,0,0,0,0,0,0,0,0,0,0,0,0,0,0,0,0,0,0,0,0,0,0,0,3397
"f2331b55-bb35-4f52-9884-abe400c97859","{""year"":2024}","2024-03",-5.5,-149.5,1,1,4,9000,836,1617,2816,0,0,908,0,0,328,0,0,0,0,0,0,0,0,0,0,0,0,0,0,0,0,0,0,0,0,0,0,0,0,0,34,0,0,3397
"f2331b55-bb35-4f52-9884-abe400c97859","{""year"":2024}","2024-07",-5.5,-149.5,1,1,1,2600,227,250,723,20,0,72,0,0,45,0,0,0,0,0,0,0,0,0,0,0,0,0,0,0,0,0,0,0,0,0,0,0,0,0,0,0,0,3397
"f2331b55-bb35-4f52-9884-abe400c97859","{""year"":2024}","2024-01",-5.5,-148.5,2,2,5,13280,0,3328,1285,20,0,456,0,0,601,1680,0,0,0,0,0,0,0,0,0,0,0,0,0,0,0,0,0,0,0,0,0,0,0,0,0,98,0,3397
"f2331b55-bb35-4f52-9884-abe400c97859","{""year"":2024}","2024-02",-5.5,-148.5,1,1,1,2400,0,285,420,0,0,51,0,0,255,176,0,0,0,0,0,0,0,0,0,0,0,0,0,0,0,0,0,0,0,0,0,0,0,0,0,10,0,3397
"f2331b55-bb35-4f52-9884-abe400c97859","{""year"":2024}","2024-01",-5.5,-147.5,1,1,1,2400,40,1272,125,0,0,70,0,0,495,172,0,0,0,0,0,0,0,0,0,0,0,0,0,0,0,0,0,0,0,0,0,0,0,0,0,0,0,3397
"f2331b55-bb35-4f52-9884-abe400c97859","{""year"":2024}","2024-01",-5.5,-146.5,2,2,4,10080,107,1758,1185,0,0,692,0,54,1029,1778,0,0,0,0,0,0,0,0,0,0,0,0,0,0,0,0,0,0,0,0,0,0,0,0,0,0,0,3397
"f2331b55-bb35-4f52-9884-abe400c97859","{""year"":2024}","2024-01",-5.5,-144.5,2,2,4,9780,20,1461,70,0,0,741,0,0,649,154,0,0,0,0,0,0,0,0,0,0,0,0,0,0,0,0,0,0,0,0,0,0,0,0,0,23,0,3397
"f2331b55-bb35-4f52-9884-abe400c97859","{""year"":2024}","2024-01",-5.5,-143.5,1,1,2,4200,20,1263,81,0,0,179,0,46,131,233,0,0,0,0,0,0,0,0,0,0,0,0,0,0,0,0,0,0,0,0,0,0,0,0,0,0,0,3397
"f2331b55-bb35-4f52-9884-abe400c97859","{""year"":2024}","2024-07",-5.5,-137.5,1,1,4,10240,392,2445,1526,0,0,190,0,0,249,273,0,0,0,0,0,0,0,0,0,0,0,0,0,0,0,0,0,0,0,0,0,0,0,0,0,37,0,3397
"f2331b55-bb35-4f52-9884-abe400c97859","{""year"":2024}","2024-07",-5.5,-136.5,1,1,1,2560,82,810,542,0,0,175,0,0,73,34,0,0,0,0,0,0,0,0,0,0,0,0,0,0,0,0,0,0,0,0,0,0,0,0,0,21,0,3397
"f2331b55-bb35-4f52-9884-abe400c97859","{""year"":2024}","2024-07",-5.5,-135.5,1,1,2,5120,74,446,1056,0,0,322,0,0,38,65,0,0,0,0,0,0,0,0,0,0,0,0,0,0,0,0,0,0,0,0,0,0,0,0,0,0,0,3397
"f2331b55-bb35-4f52-9884-abe400c97859","{""year"":2024}","2024-12",-5.5,-132.5,2,2,5,12300,36,1060,1003,46,0,352,0,39,2100,0,0,0,0,0,0,0,0,0,0,0,0,0,0,0,0,0,0,0,0,0,0,0,0,0,0,19,0,3397
"f2331b55-bb35-4f52-9884-abe400c97859","{""year"":2024}","2024-12",-5.5,-131.5,1,1,1,2550,0,296,395,0,0,162,0,0,212,0,0,0,0,0,0,0,0,0,0,0,0,0,0,0,0,0,0,0,0,0,0,0,0,0,0,0,0,3397
"f2331b55-bb35-4f52-9884-abe400c97859","{""year"":2024}","2024-12",-5.5,-130.5,1,1,2,4500,0,906,683,31,0,0,0,0,620,0,0,0,0,0,0,0,0,0,0,0,0,0,0,0,0,0,0,0,0,0,0,0,0,0,0,0,0,3397
"f2331b55-bb35-4f52-9884-abe400c97859","{""year"":2024}","2024-01",-4.5,-149.5,1,1,2,5440,58,1112,1290,20,0,48,0,0,241,187,0,0,0,0,0,0,0,0,0,0,0,0,0,0,0,0,0,0,0,0,0,0,0,0,0,0,0,3397
"f2331b55-bb35-4f52-9884-abe400c97859","{""year"":2024}","2024-02",-4.5,-149.5,1,1,5,12000,187,2489,2717,0,0,997,0,290,1062,1397,0,0,0,0,0,0,0,0,0,0,0,0,0,0,0,0,0,0,0,0,0,0,0,0,60,64,0,3397
"f2331b55-bb35-4f52-9884-abe400c97859","{""year"":2024}","2024-03",-4.5,-149.5,1,1,1,2250,68,63,340,0,0,265,0,57,0,0,0,0,0,0,0,0,0,0,0,0,0,0,0,0,0,0,0,0,0,0,0,0,0,0,0,11,0,3397
"f2331b55-bb35-4f52-9884-abe400c97859","{""year"":2024}","2024-01",-4.5,-148.5,2,2,3,7520,82,965,607,36,0,171,0,0,420,201,0,0,0,0,0,0,0,0,0,0,0,0,0,0,0,0,0,0,0,0,0,0,0,0,52,19,0,3397
"f2331b55-bb35-4f52-9884-abe400c97859","{""year"":2024}","2024-02",-4.5,-148.5,1,1,1,2400,37,296,442,0,0,236,0,0,73,310,0,0,0,0,0,0,0,0,0,0,0,0,0,0,0,0,0,0,0,0,0,0,0,0,0,0,0,3397
"f2331b55-bb35-4f52-9884-abe400c97859","{""year"":2024}","2024-01",-4.5,-147.5,1,1,7,16800,84,7301,1789,0,0,753,0,110,2378,761,0,0,0,0,0,0,0,0,0,0,0,0,0,0,0,0,0,0,0,0,0,0,0,0,20,0,0,3397
"f2331b55-bb35-4f52-9884-abe400c97859","{""year"":2024}","2024-01",-4.5,-146.5,1,1,1,2560,0,974,157,0,0,228,0,0,196,0,0,0,0,0,0,0,0,0,0,0,0,0,0,0,0,0,0,0,0,0,0,0,0,0,0,0,0,3397
"f2331b55-bb35-4f52-9884-abe400c97859","{""year"":2024}","2024-01",-4.5,-144.5,1,1,3,6450,0,2218,409,10,0,194,0,114,582,220,0,0,0,0,0,0,0,0,0,0,0,0,0,0,0,0,0,0,0,0,0,0,0,0,0,13,0,3397
"f2331b55-bb35-4f52-9884-abe400c97859","{""year"":2024}","2024-01",-3.5,-144.5,1,1,1,2100,0,863,190,8,0,0,0,0,381,83,0,0,0,0,0,0,0,0,0,0,0,0,0,0,0,0,0,0,0,0,0,0,0,0,0,0,0,3397
"f2331b55-bb35-4f52-9884-abe400c97859","{""year"":2024}","2024-01",-3.5,-135.5,1,1,2,4800,0,433,590,0,0,37,0,0,1940,0,0,0,0,0,0,0,0,0,0,0,0,0,0,0,0,0,0,0,0,0,0,0,0,0,0,0,0,3397
"f2331b55-bb35-4f52-9884-abe400c97859","{""year"":2024}","2024-01",-3.5,-134.5,1,1,1,2400,0,463,150,0,0,0,0,0,626,0,0,0,0,0,0,0,0,0,0,0,0,0,0,0,0,0,0,0,0,0,0,0,0,0,0,0,0,3397
"f2331b55-bb35-4f52-9884-abe400c97859","{""year"":2024}","2024-01",-3.5,-133.5,1,1,2,4500,0,446,40,11,0,0,0,42,840,0,0,0,0,0,0,0,0,0,0,0,0,0,0,0,0,0,0,0,0,0,0,0,0,0,0,30,0,3397
"f2331b55-bb35-4f52-9884-abe400c97859","{""year"":2024}","2024-01",-3.5,-131.5,1,1,3,6750,0,1207,419,0,0,628,0,0,3067,0,0,0,0,0,0,0,0,0,0,0,0,0,0,0,0,0,0,0,0,0,0,0,0,0,0,26,0,3397
"f2331b55-bb35-4f52-9884-abe400c97859","{""year"":2024}","2024-12",-3.5,-131.5,1,1,1,2250,0,73,0,8,0,66,0,0,557,0,0,0,0,0,0,0,0,0,0,0,0,0,0,0,0,0,0,0,0,0,0,0,0,0,0,0,0,3397
"f2331b55-bb35-4f52-9884-abe400c97859","{""year"":2024}","2024-01",-2.5,-148.5,1,1,1,2600,0,102,213,18,0,319,0,0,403,0,0,0,0,0,0,0,0,0,0,0,0,0,0,0,0,0,0,0,0,0,0,0,0,0,0,0,0,3397
"f2331b55-bb35-4f52-9884-abe400c97859","{""year"":2024}","2024-02",-2.5,-146.5,1,1,1,2400,0,1081,0,0,0,204,0,63,548,0,0,0,0,0,0,0,0,0,0,0,0,0,0,0,0,0,0,0,0,0,0,0,0,0,0,32,0,3397
"f2331b55-bb35-4f52-9884-abe400c97859","{""year"":2024}","2024-08",-2.5,-146.5,1,1,1,2880,0,122,287,0,0,0,0,0,126,0,0,0,0,0,0,0,0,0,0,0,0,0,0,0,0,0,0,0,0,0,0,0,0,0,0,0,0,3397
"f2331b55-bb35-4f52-9884-abe400c97859","{""year"":2024}","2024-07",-2.5,-145.5,1,1,1,2560,0,44,0,0,0,0,0,0,23,21,0,0,0,0,0,0,0,0,0,0,0,0,0,0,0,0,0,0,0,0,0,0,0,0,0,0,0,3397
"f2331b55-bb35-4f52-9884-abe400c97859","{""year"":2024}","2024-01",-2.5,-143.5,1,1,2,4800,0,542,91,0,0,55,0,52,468,34,0,0,0,0,0,0,0,0,0,0,0,0,0,0,0,0,0,0,0,0,0,0,0,0,0,0,0,3397
"f2331b55-bb35-4f52-9884-abe400c97859","{""year"":2024}","2024-01",-2.5,-142.5,1,1,3,6300,0,1322,613,115,0,322,107,197,821,90,0,0,0,0,0,0,0,0,0,0,0,0,0,0,0,0,0,0,0,0,0,0,0,0,25,30,0,3397
"f2331b55-bb35-4f52-9884-abe400c97859","{""year"":2024}","2024-01",-2.5,-141.5,1,1,1,2100,0,294,85,16,0,0,0,42,515,59,0,0,0,0,0,0,0,0,0,0,0,0,0,0,0,0,0,0,0,0,0,0,0,0,25,14,0,3397
"f2331b55-bb35-4f52-9884-abe400c97859","{""year"":2024}","2024-01",-2.5,-140.5,1,1,2,4800,0,1535,277,0,0,79,0,52,708,85,0,0,0,0,0,0,0,0,0,0,0,0,0,0,0,0,0,0,0,0,0,0,0,0,0,13,0,3397
"f2331b55-bb35-4f52-9884-abe400c97859","{""year"":2024}","2024-01",-2.5,-139.5,2,2,6,13200,0,3010,908,25,0,312,0,392,2388,224,0,0,0,0,0,0,0,0,0,0,0,0,0,0,0,0,0,0,0,0,0,0,0,0,104,13,0,3397
"f2331b55-bb35-4f52-9884-abe400c97859","{""year"":2024}","2024-01",-2.5,-138.5,1,1,4,9600,0,2212,1029,0,0,674,0,162,2342,269,0,0,0,0,0,0,0,0,0,0,0,0,0,0,0,0,0,0,0,0,0,0,0,0,158,16,0,3397
"f2331b55-bb35-4f52-9884-abe400c97859","{""year"":2024}","2024-01",-2.5,-137.5,1,1,2,5440,0,209,60,0,0,150,0,0,381,276,0,0,0,0,0,0,0,0,0,0,0,0,0,0,0,0,0,0,0,0,0,0,0,0,0,0,0,3397
"f2331b55-bb35-4f52-9884-abe400c97859","{""year"":2024}","2024-01",-2.5,-136.5,1,1,2,4800,0,452,242,0,0,170,0,0,1024,0,0,0,0,0,0,0,0,0,0,0,0,0,0,0,0,0,0,0,0,0,0,0,0,0,0,0,0,3397
"f2331b55-bb35-4f52-9884-abe400c97859","{""year"":2024}","2024-01",-2.5,-135.5,3,3,9,20960,0,3128,2327,0,0,796,0,193,8383,0,0,0,0,0,0,0,0,0,0,0,0,0,0,0,0,0,0,0,0,0,0,0,0,0,0,103,0,3397
"f2331b55-bb35-4f52-9884-abe400c97859","{""year"":2024}","2024-01",-2.5,-134.5,2,2,2,4340,0,329,67,0,0,124,0,0,1259,0,0,0,0,0,0,0,0,0,0,0,0,0,0,0,0,0,0,0,0,0,0,0,0,0,0,0,0,3397
"f2331b55-bb35-4f52-9884-abe400c97859","{""year"":2024}","2024-01",-2.5,-133.5,1,1,1,2400,0,82,131,0,0,97,0,38,540,0,0,0,0,0,0,0,0,0,0,0,0,0,0,0,0,0,0,0,0,0,0,0,0,0,0,71,0,3397
"f2331b55-bb35-4f52-9884-abe400c97859","{""year"":2024}","2024-01",-2.5,-132.5,1,1,3,7650,0,2204,370,0,0,180,0,0,1617,0,0,0,0,0,0,0,0,0,0,0,0,0,0,0,0,0,0,0,0,0,0,0,0,0,25,0,0,3397
"f2331b55-bb35-4f52-9884-abe400c97859","{""year"":2024}","2024-01",-2.5,-131.5,1,1,2,4350,0,1385,133,0,0,0,0,208,1833,0,0,0,0,0,0,0,0,0,0,0,0,0,0,0,0,0,0,0,0,0,0,0,0,0,0,21,0,3397
"f2331b55-bb35-4f52-9884-abe400c97859","{""year"":2024}","2024-01",-1.5,-138.5,1,1,1,2550,0,205,341,27,0,83,0,0,522,0,0,0,0,0,0,0,0,0,0,0,0,0,0,0,0,0,0,0,0,0,0,0,0,0,0,24,0,3397
"f2331b55-bb35-4f52-9884-abe400c97859","{""year"":2024}","2024-01",-1.5,-137.5,1,1,1,2240,0,57,37,0,0,227,0,0,643,0,0,0,0,0,0,0,0,0,0,0,0,0,0,0,0,0,0,0,0,0,0,0,0,0,0,0,0,3397
"f2331b55-bb35-4f52-9884-abe400c97859","{""year"":2024}","2024-01",-1.5,-136.5,1,1,3,6720,0,269,219,0,0,0,0,49,995,0,0,0,0,0,0,0,0,0,0,0,0,0,0,0,0,0,0,0,0,0,0,0,0,0,0,54,0,3397
"f2331b55-bb35-4f52-9884-abe400c97859","{""year"":2024}","2024-01",-1.5,-135.5,4,4,11,25640,0,5686,2381,23,0,1416,0,172,9897,0,0,0,0,0,0,0,0,0,0,0,0,0,0,0,0,0,0,0,0,0,0,0,0,0,0,289,0,3397
"f2331b55-bb35-4f52-9884-abe400c97859","{""year"":2024}","2024-01",-1.5,-134.5,3,3,8,17980,0,4117,1698,0,0,1667,0,220,8702,0,0,0,0,0,0,0,0,0,0,0,0,0,0,0,0,0,0,0,0,0,0,0,0,0,52,206,0,3397
"f2331b55-bb35-4f52-9884-abe400c97859","{""year"":2024}","2024-01",-1.5,-133.5,2,2,9,20480,0,6733,1911,0,0,1704,0,181,7811,0,0,0,0,0,0,0,0,0,0,0,0,0,0,0,0,0,0,0,0,0,0,0,0,0,0,181,0,3397
"f2331b55-bb35-4f52-9884-abe400c97859","{""year"":2024}","2024-03",1.5,-149.5,1,1,1,2250,0,120,222,19,0,109,0,0,386,0,0,0,0,0,0,0,0,0,0,0,0,0,0,0,0,0,0,0,0,0,0,0,0,0,0,0,0,3397
"f2331b55-bb35-4f52-9884-abe400c97859","{""year"":2024}","2024-04",3.5,-149.5,1,1,1,2250,0,0,776,0,0,393,0,51,0,0,0,0,0,0,0,0,0,0,0,0,0,0,0,0,0,0,0,0,0,0,0,0,0,0,0,0,0,3397
"f2331b55-bb35-4f52-9884-abe400c97859","{""year"":2024}","2024-03",3.5,-148.5,1,1,2,4500,0,607,1177,0,0,306,0,103,243,0,0,0,0,0,0,0,0,0,0,0,0,0,0,0,0,0,0,0,0,0,0,0,0,0,0,0,0,3397
"f2331b55-bb35-4f52-9884-abe400c97859","{""year"":2024}","2024-07",3.5,-147.5,1,1,3,6750,0,419,2391,24,0,651,0,156,81,78,0,0,0,0,0,0,0,0,0,0,0,0,0,0,0,0,0,0,0,0,0,0,0,0,0,8,0,3397
"f2331b55-bb35-4f52-9884-abe400c97859","{""year"":2024}","2024-03",4.5,-149.5,1,1,5,11250,0,2151,5434,0,0,800,0,0,408,0,0,0,0,0,0,0,0,0,0,0,0,0,0,0,0,0,0,0,0,0,0,0,0,0,0,0,0,3397
"f2331b55-bb35-4f52-9884-abe400c97859","{""year"":2024}","2024-04",4.5,-149.5,1,1,1,2250,0,263,638,0,0,261,0,0,203,0,0,0,0,0,0,0,0,0,0,0,0,0,0,0,0,0,0,0,0,0,0,0,0,0,0,0,0,3397
"f2331b55-bb35-4f52-9884-abe400c97859","{""year"":2024}","2024-04",4.5,-148.5,1,1,3,6750,0,1031,1394,0,0,1062,0,68,444,0,0,0,0,0,0,0,0,0,0,0,0,0,0,0,0,0,0,0,0,0,0,0,0,0,23,0,0,3397
"f2331b55-bb35-4f52-9884-abe400c97859","{""year"":2024}","2024-07",4.5,-148.5,1,1,2,4500,0,476,801,0,0,476,0,41,250,63,0,0,0,0,0,0,0,0,0,0,0,0,0,0,0,0,0,0,0,0,0,0,0,0,0,9,0,3397
"f2331b55-bb35-4f52-9884-abe400c97859","{""year"":2024}","2024-07",4.5,-147.5,1,1,2,4500,0,563,463,0,0,78,0,45,211,270,0,0,0,0,0,0,0,0,0,0,0,0,0,0,0,0,0,0,0,0,0,0,0,0,0,0,0,3397
"f2331b55-bb35-4f52-9884-abe400c97859","{""year"":2024}","2024-01",26.5,-146.5,1,1,1,3900,39,327,140,270,0,0,0,0,30,132,0,0,0,0,0,0,0,0,0,0,0,0,0,0,0,0,0,0,0,0,0,0,0,0,0,73,0,3397
"f2331b55-bb35-4f52-9884-abe400c97859","{""year"":2024}","2024-01",27.5,-147.5,1,1,1,3600,0,97,30,429,0,0,0,15,0,45,0,0,0,0,0,0,0,0,0,0,0,0,0,0,0,0,0,0,0,0,0,0,0,0,0,32,0,3397
"f2331b55-bb35-4f52-9884-abe400c97859","{""year"":2024}","2024-01",27.5,-145.5,1,1,1,3900,25,32,304,91,0,0,0,0,113,370,0,0,0,0,0,0,0,0,0,0,0,0,0,0,0,0,0,0,0,0,0,0,0,0,0,0,0,3397
"f2331b55-bb35-4f52-9884-abe400c97859","{""year"":2024}","2024-02",27.5,-143.5,1,1,1,3900,28,97,251,15,0,0,0,0,0,46,0,0,0,0,0,0,0,0,0,0,0,0,0,0,0,0,0,0,0,0,0,0,0,0,0,0,0,3397
"f2331b55-bb35-4f52-9884-abe400c97859","{""year"":2024}","2024-01",28.5,-147.5,2,2,2,7200,14,87,543,193,0,0,0,0,18,67,0,0,0,0,0,0,0,0,0,0,0,0,0,0,0,0,0,0,0,0,0,0,0,0,0,19,0,3397
"f2331b55-bb35-4f52-9884-abe400c97859","{""year"":2024}","2024-01",28.5,-145.5,1,1,1,3900,25,383,615,0,0,0,0,0,0,189,0,0,0,0,0,0,0,0,0,0,0,0,0,0,0,0,0,0,0,0,0,0,0,0,0,0,0,3397
"f2331b55-bb35-4f52-9884-abe400c97859","{""year"":2024}","2024-01",29.5,-148.5,2,2,2,6760,0,42,0,77,0,0,0,0,0,117,0,0,0,0,0,0,0,0,0,0,0,0,0,0,0,0,0,0,0,0,0,0,0,0,0,0,0,3397
"f2331b55-bb35-4f52-9884-abe400c97859","{""year"":2024}","2024-01",29.5,-147.5,3,3,3,10360,52,580,221,366,0,0,0,0,0,80,0,0,0,0,0,0,0,0,0,0,0,0,0,0,0,0,0,0,0,0,0,0,0,0,0,40,0,3397
"f2331b55-bb35-4f52-9884-abe400c97859","{""year"":2024}","2024-01",29.5,-145.5,1,1,1,3900,39,897,312,0,0,0,0,0,36,0,0,0,0,0,0,0,0,0,0,0,0,0,0,0,0,0,0,0,0,0,0,0,0,0,0,0,0,3397
"f2331b55-bb35-4f52-9884-abe400c97859","{""year"":2024}","2024-01",29.5,-142.5,1,1,1,3900,39,340,628,46,0,0,0,0,235,234,0,0,0,0,0,0,0,0,0,0,0,0,0,0,0,0,0,0,0,0,0,0,0,0,0,0,0,3397
"f2331b55-bb35-4f52-9884-abe400c97859","{""year"":2024}","2024-01",29.5,-141.5,1,1,2,7800,37,514,508,188,0,0,0,54,0,247,0,0,0,0,0,0,0,0,0,0,0,0,0,0,0,0,0,0,0,0,0,0,0,0,0,0,0,3397
"f2331b55-bb35-4f52-9884-abe400c97859","{""year"":2024}","2024-02",29.5,-141.5,1,1,1,3900,27,371,287,80,0,0,0,0,0,305,0,0,0,0,0,0,0,0,0,0,0,0,0,0,0,0,0,0,0,0,0,0,0,0,0,0,0,3397
"f2331b55-bb35-4f52-9884-abe400c97859","{""year"":2024}","2024-01",29.5,-140.5,1,1,1,3900,36,119,555,216,0,0,0,0,0,160,0,0,0,0,0,0,0,0,0,0,0,0,0,0,0,0,0,0,0,0,0,0,0,0,0,0,0,3397
"f2331b55-bb35-4f52-9884-abe400c97859","{""year"":2024}","2024-02",29.5,-140.5,1,1,2,7800,69,720,590,100,0,0,0,48,0,184,0,0,0,0,0,0,0,0,0,0,0,0,0,0,0,0,0,0,0,0,0,0,0,0,0,0,0,3397
"f2331b55-bb35-4f52-9884-abe400c97859","{""year"":2024}","2024-01",30.5,-149.5,1,1,1,3000,78,371,66,140,0,0,0,0,0,22,0,0,0,0,0,0,0,0,0,0,0,0,0,0,0,0,0,0,0,0,0,0,0,0,0,0,0,3397
"f2331b55-bb35-4f52-9884-abe400c97859","{""year"":2024}","2024-01",30.5,-148.5,2,2,3,9800,137,1044,718,735,0,0,0,0,22,237,0,0,0,0,0,0,0,0,0,0,0,0,0,0,0,0,0,0,0,0,0,0,0,0,0,36,0,3397
"f2331b55-bb35-4f52-9884-abe400c97859","{""year"":2024}","2024-01",30.5,-147.5,1,1,3,10300,284,1385,250,284,0,0,0,61,19,175,0,0,0,0,0,0,0,0,0,0,0,0,0,0,0,0,0,0,0,0,0,0,0,0,0,8,0,3397
"f2331b55-bb35-4f52-9884-abe400c97859","{""year"":2024}","2024-01",30.5,-146.5,1,1,2,6450,13,412,179,161,0,0,0,0,0,112,0,0,0,0,0,0,0,0,0,0,0,0,0,0,0,0,0,0,0,0,0,0,0,0,0,11,0,3397
"f2331b55-bb35-4f52-9884-abe400c97859","{""year"":2024}","2024-02",30.5,-146.5,1,1,1,3900,83,294,125,0,0,0,0,0,106,653,0,0,0,0,0,0,0,0,0,0,0,0,0,0,0,0,0,0,0,0,0,0,0,0,0,0,0,3397
"f2331b55-bb35-4f52-9884-abe400c97859","{""year"":2024}","2024-01",30.5,-144.5,1,1,1,3600,54,413,0,42,0,0,0,0,0,48,0,0,0,0,0,0,0,0,0,0,0,0,0,0,0,0,0,0,0,0,0,0,0,0,0,0,0,3397
"f2331b55-bb35-4f52-9884-abe400c97859","{""year"":2024}","2024-01",30.5,-143.5,1,1,1,3600,37,759,0,57,0,0,0,0,0,31,0,0,0,0,0,0,0,0,0,0,0,0,0,0,0,0,0,0,0,0,0,0,0,0,0,13,0,3397
"f2331b55-bb35-4f52-9884-abe400c97859","{""year"":2024}","2024-01",30.5,-142.5,1,1,1,3900,24,453,174,30,0,0,0,0,691,283,0,0,0,0,0,0,0,0,0,0,0,0,0,0,0,0,0,0,0,0,0,0,0,0,0,0,0,3397
"f2331b55-bb35-4f52-9884-abe400c97859","{""year"":2024}","2024-01",30.5,-141.5,1,1,1,3900,26,140,421,35,0,0,0,0,0,176,0,0,0,0,0,0,0,0,0,0,0,0,0,0,0,0,0,0,0,0,0,0,0,0,0,0,0,3397
"f2331b55-bb35-4f52-9884-abe400c97859","{""year"":2024}","2024-01",30.5,-140.5,1,1,1,3900,27,192,62,82,0,0,0,0,0,193,0,0,0,0,0,0,0,0,0,0,0,0,0,0,0,0,0,0,0,0,0,0,0,0,0,0,0,3397
"f2331b55-bb35-4f52-9884-abe400c97859","{""year"":2024}","2024-01",31.5,-149.5,6,6,20,69360,20067,17628,1416,1101,0,0,0,209,325,2631,0,0,0,0,0,0,0,0,0,0,0,0,0,0,0,0,0,0,0,0,0,0,0,0,0,41,0,3397
"f2331b55-bb35-4f52-9884-abe400c97859","{""year"":2024}","2024-01",31.5,-148.5,4,4,11,38940,10184,7696,677,433,0,0,0,319,99,289,0,0,0,0,0,0,0,0,0,0,0,0,0,0,0,0,0,0,0,0,0,0,0,0,0,21,0,3397
"f2331b55-bb35-4f52-9884-abe400c97859","{""year"":2024}","2024-01",31.5,-146.5,1,1,3,10200,454,1899,192,343,0,0,0,71,0,260,0,0,0,0,0,0,0,0,0,0,0,0,0,0,0,0,0,0,0,0,0,0,0,0,0,12,0,3397
"f2331b55-bb35-4f52-9884-abe400c97859","{""year"":2024}","2024-01",31.5,-144.5,1,1,2,6720,1117,1427,98,8,0,0,0,67,95,385,0,0,0,0,0,0,0,0,0,0,0,0,0,0,0,0,0,0,0,0,0,0,0,0,0,0,0,3397
"f2331b55-bb35-4f52-9884-abe400c97859","{""year"":2024}","2024-02",31.5,-143.5,1,1,1,3900,70,303,317,15,0,0,0,0,54,202,0,0,0,0,0,0,0,0,0,0,0,0,0,0,0,0,0,0,0,0,0,0,0,0,0,0,0,3397
"f2331b55-bb35-4f52-9884-abe400c97859","{""year"":2024}","2024-01",31.5,-142.5,2,2,3,11400,737,1587,94,35,0,0,0,0,599,305,0,0,0,0,0,0,0,0,0,0,0,0,0,0,0,0,0,0,0,0,0,0,0,0,0,9,0,3397
"f2331b55-bb35-4f52-9884-abe400c97859","{""year"":2024}","2024-02",31.5,-142.5,1,1,13,50700,8288,5539,1649,61,0,0,0,57,1026,4669,0,0,0,0,0,0,0,0,0,0,0,0,0,0,0,0,0,0,0,0,0,0,0,0,0,0,0,3397
"f2331b55-bb35-4f52-9884-abe400c97859","{""year"":2024}","2024-01",31.5,-141.5,1,1,2,7200,1486,664,249,0,0,0,0,0,0,79,0,0,0,0,0,0,0,0,0,0,0,0,0,0,0,0,0,0,0,0,0,0,0,0,0,0,0,3397
"f2331b55-bb35-4f52-9884-abe400c97859","{""year"":2024}","2024-01",32.5,-149.5,2,2,3,10840,4133,919,39,27,0,0,0,0,177,482,0,0,0,0,0,0,0,0,0,0,0,0,0,0,0,0,0,0,0,0,0,0,0,0,0,0,0,3397
"f2331b55-bb35-4f52-9884-abe400c97859","{""year"":2024}","2024-01",32.5,-145.5,2,2,4,13690,5485,356,80,5,0,0,0,63,0,166,0,0,0,0,0,0,0,0,0,0,0,0,0,0,0,0,0,0,0,0,0,0,0,0,0,0,0,3397
"f2331b55-bb35-4f52-9884-abe400c97859","{""year"":2024}","2024-01",32.5,-144.5,5,5,15,51840,20496,3575,1179,4,0,0,0,581,2460,653,0,0,0,0,0,0,0,0,0,0,0,0,0,0,0,0,0,0,0,0,0,0,0,0,0,0,0,3397
"f2331b55-bb35-4f52-9884-abe400c97859","{""year"":2024}","2024-01",32.5,-143.5,3,3,6,22560,4241,3777,984,0,0,0,0,71,1059,454,0,0,0,0,0,0,0,0,0,0,0,0,0,0,0,0,0,0,0,0,0,0,0,0,0,0,0,3397
"f2331b55-bb35-4f52-9884-abe400c97859","{""year"":2024}","2024-01",32.5,-142.5,4,4,21,74880,24365,10650,3820,43,0,0,0,449,2919,1333,0,0,0,0,0,0,0,0,0,0,0,0,0,0,0,0,0,0,0,0,0,0,0,0,0,12,0,3397
"f2331b55-bb35-4f52-9884-abe400c97859","{""year"":2024}","2024-01",32.5,-141.5,2,2,6,20800,5042,1786,87,0,0,0,0,0,164,189,0,0,0,0,0,0,0,0,0,0,0,0,0,0,0,0,0,0,0,0,0,0,0,0,0,0,0,3397
"f2331b55-bb35-4f52-9884-abe400c97859","{""year"":2024}","2024-01",32.5,-140.5,2,2,4,13920,2268,1638,328,22,0,0,0,0,21,0,0,0,0,0,0,0,0,0,0,0,0,0,0,0,0,0,0,0,0,0,0,0,0,0,0,0,0,3397
"f2331b55-bb35-4f52-9884-abe400c97859","{""year"":2024}","2024-01",32.5,-139.5,2,2,3,10620,880,1724,263,0,0,0,0,0,0,95,0,0,0,0,0,0,0,0,0,0,0,0,0,0,0,0,0,0,0,0,0,0,0,0,0,0,0,3397
"f2331b55-bb35-4f52-9884-abe400c97859","{""year"":2024}","2024-11",33.5,-149.5,1,1,1,3420,2068,180,85,9,0,0,0,0,99,71,0,0,0,0,0,0,0,0,0,0,0,0,0,0,0,0,0,0,0,0,0,0,0,0,0,0,0,3397
"f2331b55-bb35-4f52-9884-abe400c97859","{""year"":2024}","2024-12",33.5,-149.5,1,1,4,13680,4352,654,443,147,0,0,0,81,0,82,0,0,0,0,0,0,0,0,0,0,0,0,0,0,0,0,0,0,0,0,0,0,0,0,0,0,0,3397
"f2331b55-bb35-4f52-9884-abe400c97859","{""year"":2024}","2024-11",33.5,-148.5,1,1,1,3360,107,280,28,18,0,0,0,0,0,128,0,0,0,0,0,0,0,0,0,0,0,0,0,0,0,0,0,0,0,0,0,0,0,0,0,0,0,3397
"f2331b55-bb35-4f52-9884-abe400c97859","{""year"":2024}","2024-11",33.5,-147.5,1,1,1,3600,151,565,24,15,0,0,0,52,0,77,0,0,0,0,0,0,0,0,0,0,0,0,0,0,0,0,0,0,0,0,0,0,0,0,0,0,0,3397
"f2331b55-bb35-4f52-9884-abe400c97859","{""year"":2024}","2024-12",33.5,-147.5,3,3,4,14010,4787,955,927,60,0,0,0,111,0,380,0,0,0,0,0,0,0,0,0,0,0,0,0,0,0,0,0,0,0,0,0,0,0,0,0,0,0,3397
"f2331b55-bb35-4f52-9884-abe400c97859","{""year"":2024}","2024-01",33.5,-146.5,1,1,1,3600,824,42,114,0,0,0,0,0,100,0,0,0,0,0,0,0,0,0,0,0,0,0,0,0,0,0,0,0,0,0,0,0,0,0,0,0,0,3397
"f2331b55-bb35-4f52-9884-abe400c97859","{""year"":2024}","2024-12",33.5,-146.5,3,3,11,38880,22536,2668,2141,211,0,182,0,454,19,907,0,0,0,0,0,0,0,0,0,0,0,0,0,0,0,0,0,0,0,0,0,0,0,0,0,25,0,3397
"f2331b55-bb35-4f52-9884-abe400c97859","{""year"":2024}","2024-01",33.5,-145.5,2,2,2,6960,1917,454,136,3,0,0,0,0,185,128,0,0,0,0,0,0,0,0,0,0,0,0,0,0,0,0,0,0,0,0,0,0,0,0,0,0,0,3397
"f2331b55-bb35-4f52-9884-abe400c97859","{""year"":2024}","2024-12",33.5,-145.5,2,2,3,10320,2371,418,130,13,0,0,0,40,27,240,0,0,0,0,0,0,0,0,0,0,0,0,0,0,0,0,0,0,0,0,0,0,0,0,0,18,0,3397
"f2331b55-bb35-4f52-9884-abe400c97859","{""year"":2024}","2024-01",33.5,-144.5,4,4,19,66660,29915,3145,764,18,0,0,0,348,10461,2036,0,0,0,0,0,0,0,0,0,0,0,0,0,0,0,0,0,0,0,0,0,0,0,0,0,0,0,3397
"f2331b55-bb35-4f52-9884-abe400c97859","{""year"":2024}","2024-01",33.5,-143.5,1,1,2,7000,4700,305,364,6,0,0,0,0,335,39,0,0,0,0,0,0,0,0,0,0,0,0,0,0,0,0,0,0,0,0,0,0,0,0,0,0,0,3397
"f2331b55-bb35-4f52-9884-abe400c97859","{""year"":2024}","2024-01",33.5,-142.5,2,2,4,15000,3469,1422,869,8,0,0,0,49,890,571,0,0,0,0,0,0,0,0,0,0,0,0,0,0,0,0,0,0,0,0,0,0,0,0,0,0,0,3397
"f2331b55-bb35-4f52-9884-abe400c97859","{""year"":2024}","2024-01",33.5,-141.5,1,1,2,7200,862,390,329,0,0,0,0,0,169,43,0,0,0,0,0,0,0,0,0,0,0,0,0,0,0,0,0,0,0,0,0,0,0,0,0,0,0,3397
"f2331b55-bb35-4f52-9884-abe400c97859","{""year"":2024}","2024-01",33.5,-139.5,1,1,1,3900,76,477,64,0,0,0,0,51,179,82,0,0,0,0,0,0,0,0,0,0,0,0,0,0,0,0,0,0,0,0,0,0,0,0,0,0,0,3397
"f2331b55-bb35-4f52-9884-abe400c97859","{""year"":2024}","2024-11",34.5,-149.5,2,2,12,40740,35024,1411,1965,198,0,0,0,367,496,479,0,0,0,0,0,0,0,0,0,0,0,0,0,0,0,0,0,0,0,0,0,0,0,0,0,9,0,3397
"f2331b55-bb35-4f52-9884-abe400c97859","{""year"":2024}","2024-12",34.5,-149.5,1,1,3,10260,5624,100,832,32,0,0,0,128,212,126,0,0,0,0,0,0,0,0,0,0,0,0,0,0,0,0,0,0,0,0,0,0,0,0,0,20,0,3397
"f2331b55-bb35-4f52-9884-abe400c97859","{""year"":2024}","2024-11",34.5,-148.5,1,1,1,3360,1168,201,340,0,0,0,0,47,44,205,0,0,0,0,0,0,0,0,0,0,0,0,0,0,0,0,0,0,0,0,0,0,0,0,0,0,0,3397
"f2331b55-bb35-4f52-9884-abe400c97859","{""year"":2024}","2024-12",34.5,-148.5,2,2,2,6720,2064,49,248,0,0,0,0,30,0,44,0,0,0,0,0,0,0,0,0,0,0,0,0,0,0,0,0,0,0,0,0,0,0,0,0,0,0,3397
"f2331b55-bb35-4f52-9884-abe400c97859","{""year"":2024}","2024-12",34.5,-147.5,1,1,1,3360,680,166,327,0,0,0,0,135,34,139,0,0,0,0,0,0,0,0,0,0,0,0,0,0,0,0,0,0,0,0,0,0,0,0,0,0,0,3397
"f2331b55-bb35-4f52-9884-abe400c97859","{""year"":2024}","2024-12",34.5,-146.5,3,3,5,17370,6881,1549,2035,6,0,0,0,168,41,285,0,0,0,0,0,0,0,0,0,0,0,0,0,0,0,0,0,0,0,0,0,0,0,0,0,0,0,3397
"f2331b55-bb35-4f52-9884-abe400c97859","{""year"":2024}","2024-11",35.5,-149.5,2,2,12,40620,49412,2824,2355,80,0,0,0,222,1131,1319,0,0,0,0,0,0,0,0,0,0,0,0,0,0,0,0,0,0,0,0,0,0,0,0,0,0,0,3397
"f2331b55-bb35-4f52-9884-abe400c97859","{""year"":2024}","2024-12",35.5,-146.5,1,1,1,3600,915,51,173,0,0,0,0,0,265,0,0,0,0,0,0,0,0,0,0,0,0,0,0,0,0,0,0,0,0,0,0,0,0,0,0,0,0,3397
"f2331b55-bb35-4f52-9884-abe400c97859","{""year"":2024}","2024-11",36.5,-149.5,1,1,8,26880,44798,1328,2443,115,0,0,0,371,547,3332,0,0,0,0,0,0,0,0,0,0,0,0,0,0,0,0,0,0,0,0,0,0,0,0,0,0,0,3397
